P,N,E,N,N
3451,2197098.229,6521363.904,0,Standard Array Pier
3452,2197131.977,6521363.904,0,Standard Array Pier
3453,2197165.725,6521363.904,0,Standard Array Pier
3454,2196999.935,6521363.904,0,Standard Array Pier
3455,2196966.187,6521363.904,0,Standard Array Pier
3456,2197033.684,6521363.904,0,Standard Array Pier
3457,2197199.474,6521363.904,0,Standard Array Pier
3458,2195939.698,6521344.373,0,Standard Array Pier
3459,2195973.446,6521344.373,0,Standard Array Pier
3460,2196007.195,6521344.373,0,Standard Array Pier
3461,2195841.404,6521344.373,0,Standard Array Pier
3462,2195807.656,6521344.373,0,Standard Array Pier
3463,2195875.153,6521344.373,0,Standard Array Pier
3464,2197199.997,6521383.434,0,Standard Array Pier
3465,2195841.928,6521363.904,0,Standard Array Pier
3466,2195808.179,6521363.904,0,Standard Array Pier
3467,2197098.752,6521383.434,0,Standard Array Pier
3468,2197132.5,6521383.434,0,Standard Array Pier
3469,2197166.249,6521383.434,0,Standard Array Pier
3470,2195875.676,6521363.904,0,Standard Array Pier
3471,2196041.466,6521363.904,0,Standard Array Pier
3472,2196071.077,6521363.904,0,Standard Array Pier
3473,2196936.576,6521363.904,0,Standard Array Pier
3474,2195940.221,6521363.904,0,Standard Array Pier
3475,2195973.97,6521363.904,0,Standard Array Pier
3476,2196007.718,6521363.904,0,Standard Array Pier
3477,2196040.42,6521324.842,0,Standard Array Pier
3478,2196070.031,6521324.842,0,Standard Array Pier
3479,2196935.529,6521324.842,0,Standard Array Pier
3480,2195939.174,6521324.842,0,Standard Array Pier
3481,2195972.923,6521324.842,0,Standard Array Pier
3482,2196006.671,6521324.842,0,Standard Array Pier
3483,2196998.888,6521324.842,0,Standard Array Pier
3484,2197130.93,6521324.842,0,Standard Array Pier
3485,2197164.679,6521324.842,0,Standard Array Pier
3486,2197198.427,6521324.842,0,Standard Array Pier
3487,2196965.14,6521324.842,0,Standard Array Pier
3488,2197032.637,6521324.842,0,Standard Array Pier
3489,2197097.182,6521324.842,0,Standard Array Pier
3490,2196999.412,6521344.373,0,Standard Array Pier
3491,2196965.663,6521344.373,0,Standard Array Pier
3492,2197033.16,6521344.373,0,Standard Array Pier
3493,2196040.943,6521344.373,0,Standard Array Pier
3494,2196070.554,6521344.373,0,Standard Array Pier
3495,2196936.052,6521344.373,0,Standard Array Pier
3496,2197097.705,6521344.373,0,Standard Array Pier
3497,2195840.881,6521324.842,0,Standard Array Pier
3498,2195807.133,6521324.842,0,Standard Array Pier
3499,2195874.629,6521324.842,0,Standard Array Pier
3500,2197131.454,6521344.373,0,Standard Array Pier
3501,2197165.202,6521344.373,0,Standard Array Pier
3502,2197198.95,6521344.373,0,Standard Array Pier
3503,2196938.146,6521422.495,0,Standard Array Pier
3504,2197001.505,6521422.495,0,Standard Array Pier
3505,2196967.757,6521422.495,0,Standard Array Pier
3506,2196009.288,6521422.495,0,Standard Array Pier
3507,2196043.036,6521422.495,0,Standard Array Pier
3508,2196072.648,6521422.495,0,Standard Array Pier
3509,2197035.254,6521422.495,0,Standard Array Pier
3510,2197201.044,6521422.495,0,Standard Array Pier
3511,2195842.975,6521402.965,0,Standard Array Pier
3512,2195809.226,6521402.965,0,Standard Array Pier
3513,2197099.799,6521422.495,0,Standard Array Pier
3514,2197133.547,6521422.495,0,Standard Array Pier
3515,2197167.295,6521422.495,0,Standard Array Pier
3516,2197035.777,6521442.026,0,Standard Array Pier
3517,2197100.322,6521442.026,0,Standard Array Pier
3518,2197134.07,6521442.026,0,Standard Array Pier
3519,2196938.669,6521442.026,0,Standard Array Pier
3520,2197002.029,6521442.026,0,Standard Array Pier
3521,2196968.28,6521442.026,0,Standard Array Pier
3522,2197167.819,6521442.026,0,Standard Array Pier
3523,2195877.246,6521422.495,0,Standard Array Pier
3524,2195941.791,6521422.495,0,Standard Array Pier
3525,2195975.54,6521422.495,0,Standard Array Pier
3526,2197201.567,6521442.026,0,Standard Array Pier
3527,2195843.498,6521422.495,0,Standard Array Pier
3528,2195809.75,6521422.495,0,Standard Array Pier
3529,2195876.2,6521383.434,0,Standard Array Pier
3530,2195940.745,6521383.434,0,Standard Array Pier
3531,2195974.493,6521383.434,0,Standard Array Pier
3532,2197200.52,6521402.965,0,Standard Array Pier
3533,2195842.451,6521383.434,0,Standard Array Pier
3534,2195808.703,6521383.434,0,Standard Array Pier
3535,2196008.241,6521383.434,0,Standard Array Pier
3536,2197000.459,6521383.434,0,Standard Array Pier
3537,2196966.71,6521383.434,0,Standard Array Pier
3538,2197034.207,6521383.434,0,Standard Array Pier
3539,2196041.99,6521383.434,0,Standard Array Pier
3540,2196071.601,6521383.434,0,Standard Array Pier
3541,2196937.099,6521383.434,0,Standard Array Pier
3542,2196008.765,6521402.965,0,Standard Array Pier
3543,2196042.513,6521402.965,0,Standard Array Pier
3544,2196072.124,6521402.965,0,Standard Array Pier
3545,2195876.723,6521402.965,0,Standard Array Pier
3546,2195941.268,6521402.965,0,Standard Array Pier
3547,2195975.016,6521402.965,0,Standard Array Pier
3548,2196937.622,6521402.965,0,Standard Array Pier
3549,2197099.275,6521402.965,0,Standard Array Pier
3550,2197133.024,6521402.965,0,Standard Array Pier
3551,2197166.772,6521402.965,0,Standard Array Pier
3552,2197000.982,6521402.965,0,Standard Array Pier
3553,2196967.234,6521402.965,0,Standard Array Pier
3554,2197034.73,6521402.965,0,Standard Array Pier
3555,2195970.306,6521227.189,0,Standard Array Pier
3556,2196004.054,6521227.189,0,Standard Array Pier
3557,2196037.803,6521227.189,0,Standard Array Pier
3558,2195804.516,6521227.189,0,Standard Array Pier
3559,2195872.013,6521227.189,0,Standard Array Pier
3560,2195936.558,6521227.189,0,Standard Array Pier
3561,2196067.414,6521227.189,0,Standard Array Pier
3562,2197030.02,6521227.189,0,Standard Array Pier
3563,2197094.565,6521227.189,0,Standard Array Pier
3564,2197128.313,6521227.189,0,Standard Array Pier
3565,2196932.912,6521227.189,0,Standard Array Pier
3566,2196996.272,6521227.189,0,Standard Array Pier
3567,2196962.523,6521227.189,0,Standard Array Pier
3568,2196067.937,6521246.72,0,Standard Array Pier
3569,2196933.435,6521246.72,0,Standard Array Pier
3570,2196996.795,6521246.72,0,Standard Array Pier
3571,2195970.829,6521246.72,0,Standard Array Pier
3572,2196004.578,6521246.72,0,Standard Array Pier
3573,2196038.326,6521246.72,0,Standard Array Pier
3574,2196963.047,6521246.72,0,Standard Array Pier
3575,2197162.585,6521246.72,0,Standard Array Pier
3576,2197196.333,6521246.72,0,Standard Array Pier
3577,2195838.264,6521227.189,0,Standard Array Pier
3578,2197030.543,6521246.72,0,Standard Array Pier
3579,2197095.088,6521246.72,0,Standard Array Pier
3580,2197128.837,6521246.72,0,Standard Array Pier
3581,2196762.588,6521598.271,0,Standard Array Pier
3582,2196796.337,6521598.271,0,Standard Array Pier
3583,2196830.085,6521598.271,0,Standard Array Pier
3584,2196596.798,6521598.271,0,Standard Array Pier
3585,2196664.295,6521598.271,0,Standard Array Pier
3586,2196728.84,6521598.271,0,Standard Array Pier
3587,2196859.696,6521598.271,0,Standard Array Pier
3588,2196663.771,6521578.741,0,Standard Array Pier
3589,2196728.316,6521578.741,0,Standard Array Pier
3590,2196762.065,6521578.741,0,Standard Array Pier
3591,2196566.664,6521578.741,0,Standard Array Pier
3592,2196630.023,6521578.741,0,Standard Array Pier
3593,2196596.275,6521578.741,0,Standard Array Pier
3594,2196631.07,6521617.802,0,Standard Array Pier
3595,2196597.321,6521617.802,0,Standard Array Pier
3596,2196664.818,6521617.802,0,Standard Array Pier
3597,2197162.062,6521227.189,0,Standard Array Pier
3598,2197195.81,6521227.189,0,Standard Array Pier
3599,2196567.71,6521617.802,0,Standard Array Pier
3600,2196729.363,6521617.802,0,Standard Array Pier
3601,2196860.22,6521617.802,0,Standard Array Pier
3602,2196567.187,6521598.271,0,Standard Array Pier
3603,2196630.546,6521598.271,0,Standard Array Pier
3604,2196763.112,6521617.802,0,Standard Array Pier
3605,2196796.86,6521617.802,0,Standard Array Pier
3606,2196830.608,6521617.802,0,Standard Array Pier
3607,2195839.834,6521285.781,0,Standard Array Pier
3608,2195806.086,6521285.781,0,Standard Array Pier
3609,2195873.583,6521285.781,0,Standard Array Pier
3610,2197130.407,6521305.312,0,Standard Array Pier
3611,2197164.155,6521305.312,0,Standard Array Pier
3612,2197197.904,6521305.312,0,Standard Array Pier
3613,2195938.128,6521285.781,0,Standard Array Pier
3614,2196068.984,6521285.781,0,Standard Array Pier
3615,2196934.482,6521285.781,0,Standard Array Pier
3616,2196997.842,6521285.781,0,Standard Array Pier
3617,2195971.876,6521285.781,0,Standard Array Pier
3618,2196005.624,6521285.781,0,Standard Array Pier
3619,2196039.373,6521285.781,0,Standard Array Pier
3620,2195938.651,6521305.312,0,Standard Array Pier
3621,2195972.399,6521305.312,0,Standard Array Pier
3622,2196006.148,6521305.312,0,Standard Array Pier
3623,2195840.358,6521305.312,0,Standard Array Pier
3624,2195806.609,6521305.312,0,Standard Array Pier
3625,2195874.106,6521305.312,0,Standard Array Pier
3626,2196039.896,6521305.312,0,Standard Array Pier
3627,2196964.617,6521305.312,0,Standard Array Pier
3628,2197032.113,6521305.312,0,Standard Array Pier
3629,2197096.658,6521305.312,0,Standard Array Pier
3630,2196069.507,6521305.312,0,Standard Array Pier
3631,2196935.006,6521305.312,0,Standard Array Pier
3632,2196998.365,6521305.312,0,Standard Array Pier
3633,2196963.57,6521266.25,0,Standard Array Pier
3634,2197031.067,6521266.25,0,Standard Array Pier
3635,2197095.612,6521266.25,0,Standard Array Pier
3636,2196068.461,6521266.25,0,Standard Array Pier
3637,2196933.959,6521266.25,0,Standard Array Pier
3638,2196997.318,6521266.25,0,Standard Array Pier
3639,2197129.36,6521266.25,0,Standard Array Pier
3640,2195805.039,6521246.72,0,Standard Array Pier
3641,2195872.536,6521246.72,0,Standard Array Pier
3642,2195937.081,6521246.72,0,Standard Array Pier
3643,2197163.108,6521266.25,0,Standard Array Pier
3644,2197196.857,6521266.25,0,Standard Array Pier
3645,2195838.788,6521246.72,0,Standard Array Pier
3646,2197129.883,6521285.781,0,Standard Array Pier
3647,2197163.632,6521285.781,0,Standard Array Pier
3648,2197197.38,6521285.781,0,Standard Array Pier
3649,2196964.093,6521285.781,0,Standard Array Pier
3650,2197031.59,6521285.781,0,Standard Array Pier
3651,2197096.135,6521285.781,0,Standard Array Pier
3652,2195839.311,6521266.25,0,Standard Array Pier
3653,2195971.353,6521266.25,0,Standard Array Pier
3654,2196005.101,6521266.25,0,Standard Array Pier
3655,2196038.849,6521266.25,0,Standard Array Pier
3656,2195805.563,6521266.25,0,Standard Array Pier
3657,2195873.059,6521266.25,0,Standard Array Pier
3658,2195937.604,6521266.25,0,Standard Array Pier
3659,2197105.032,6521617.802,0,Standard Array Pier
3660,2197138.781,6521617.802,0,Standard Array Pier
3661,2197172.529,6521617.802,0,Standard Array Pier
3662,2197006.739,6521617.802,0,Standard Array Pier
3663,2196972.991,6521617.802,0,Standard Array Pier
3664,2197040.487,6521617.802,0,Standard Array Pier
3665,2197206.277,6521617.802,0,Standard Array Pier
3666,2195946.502,6521598.271,0,Standard Array Pier
3667,2195980.25,6521598.271,0,Standard Array Pier
3668,2196013.998,6521598.271,0,Standard Array Pier
3669,2195848.208,6521598.271,0,Standard Array Pier
3670,2195814.46,6521598.271,0,Standard Array Pier
3671,2195881.957,6521598.271,0,Standard Array Pier
3672,2196078.405,6521637.333,0,Standard Array Pier
3673,2195848.732,6521617.802,0,Standard Array Pier
3674,2195814.983,6521617.802,0,Standard Array Pier
3675,2195981.297,6521637.333,0,Standard Array Pier
3676,2196015.045,6521637.333,0,Standard Array Pier
3677,2196048.793,6521637.333,0,Standard Array Pier
3678,2195882.48,6521617.802,0,Standard Array Pier
3679,2196048.27,6521617.802,0,Standard Array Pier
3680,2196077.881,6521617.802,0,Standard Array Pier
3681,2196943.379,6521617.802,0,Standard Array Pier
3682,2195947.025,6521617.802,0,Standard Array Pier
3683,2195980.773,6521617.802,0,Standard Array Pier
3684,2196014.522,6521617.802,0,Standard Array Pier
3685,2196047.223,6521578.741,0,Standard Array Pier
3686,2196076.835,6521578.741,0,Standard Array Pier
3687,2196942.333,6521578.741,0,Standard Array Pier
3688,2195945.978,6521578.741,0,Standard Array Pier
3689,2195979.727,6521578.741,0,Standard Array Pier
3690,2196013.475,6521578.741,0,Standard Array Pier
3691,2197005.692,6521578.741,0,Standard Array Pier
3692,2197137.734,6521578.741,0,Standard Array Pier
3693,2197171.482,6521578.741,0,Standard Array Pier
3694,2197205.231,6521578.741,0,Standard Array Pier
3695,2196971.944,6521578.741,0,Standard Array Pier
3696,2197039.441,6521578.741,0,Standard Array Pier
3697,2197103.986,6521578.741,0,Standard Array Pier
3698,2197006.216,6521598.271,0,Standard Array Pier
3699,2196972.467,6521598.271,0,Standard Array Pier
3700,2197039.964,6521598.271,0,Standard Array Pier
3701,2196047.747,6521598.271,0,Standard Array Pier
3702,2196077.358,6521598.271,0,Standard Array Pier
3703,2196942.856,6521598.271,0,Standard Array Pier
3704,2197104.509,6521598.271,0,Standard Array Pier
3705,2195847.685,6521578.741,0,Standard Array Pier
3706,2195813.936,6521578.741,0,Standard Array Pier
3707,2195881.433,6521578.741,0,Standard Array Pier
3708,2197138.257,6521598.271,0,Standard Array Pier
3709,2197172.006,6521598.271,0,Standard Array Pier
3710,2197205.754,6521598.271,0,Standard Array Pier
3711,2195851.348,6521715.455,0,Standard Array Pier
3712,2195817.6,6521715.455,0,Standard Array Pier
3713,2195885.097,6521715.455,0,Standard Array Pier
3714,2196017.662,6521734.986,0,Standard Array Pier
3715,2196051.41,6521734.986,0,Standard Array Pier
3716,2196081.021,6521734.986,0,Standard Array Pier
3717,2195949.642,6521715.455,0,Standard Array Pier
3718,2196080.498,6521715.455,0,Standard Array Pier
3719,2195850.825,6521695.925,0,Standard Array Pier
3720,2195817.077,6521695.925,0,Standard Array Pier
3721,2195983.39,6521715.455,0,Standard Array Pier
3722,2196017.139,6521715.455,0,Standard Array Pier
3723,2196050.887,6521715.455,0,Standard Array Pier
3724,2195950.689,6521754.516,0,Standard Array Pier
3725,2195984.437,6521754.516,0,Standard Array Pier
3726,2196018.185,6521754.516,0,Standard Array Pier
3727,2195852.395,6521754.516,0,Standard Array Pier
3728,2195818.647,6521754.516,0,Standard Array Pier
3729,2195886.143,6521754.516,0,Standard Array Pier
3730,2196051.934,6521754.516,0,Standard Array Pier
3731,2195885.62,6521734.986,0,Standard Array Pier
3732,2195950.165,6521734.986,0,Standard Array Pier
3733,2195983.914,6521734.986,0,Standard Array Pier
3734,2196081.545,6521754.516,0,Standard Array Pier
3735,2195851.872,6521734.986,0,Standard Array Pier
3736,2195818.123,6521734.986,0,Standard Array Pier
3737,2195883.527,6521656.863,0,Standard Array Pier
3738,2195948.072,6521656.863,0,Standard Array Pier
3739,2195981.82,6521656.863,0,Standard Array Pier
3740,2196079.451,6521676.394,0,Standard Array Pier
3741,2195849.778,6521656.863,0,Standard Array Pier
3742,2195816.03,6521656.863,0,Standard Array Pier
3743,2196015.568,6521656.863,0,Standard Array Pier
3744,2195815.507,6521637.333,0,Standard Array Pier
3745,2195883.003,6521637.333,0,Standard Array Pier
3746,2195947.548,6521637.333,0,Standard Array Pier
3747,2196049.317,6521656.863,0,Standard Array Pier
3748,2196078.928,6521656.863,0,Standard Array Pier
3749,2195849.255,6521637.333,0,Standard Array Pier
3750,2196016.615,6521695.925,0,Standard Array Pier
3751,2196050.364,6521695.925,0,Standard Array Pier
3752,2196079.975,6521695.925,0,Standard Array Pier
3753,2195884.573,6521695.925,0,Standard Array Pier
3754,2195949.118,6521695.925,0,Standard Array Pier
3755,2195982.867,6521695.925,0,Standard Array Pier
3756,2195850.302,6521676.394,0,Standard Array Pier
3757,2195982.343,6521676.394,0,Standard Array Pier
3758,2196016.092,6521676.394,0,Standard Array Pier
3759,2196049.84,6521676.394,0,Standard Array Pier
3760,2195816.553,6521676.394,0,Standard Array Pier
3761,2195884.05,6521676.394,0,Standard Array Pier
3762,2195948.595,6521676.394,0,Standard Array Pier
3763,2195977.11,6521481.087,0,Standard Array Pier
3764,2196010.858,6521481.087,0,Standard Array Pier
3765,2196044.606,6521481.087,0,Standard Array Pier
3766,2195811.32,6521481.087,0,Standard Array Pier
3767,2195878.816,6521481.087,0,Standard Array Pier
3768,2195943.361,6521481.087,0,Standard Array Pier
3769,2196074.218,6521481.087,0,Standard Array Pier
3770,2197036.824,6521481.087,0,Standard Array Pier
3771,2197101.369,6521481.087,0,Standard Array Pier
3772,2197135.117,6521481.087,0,Standard Array Pier
3773,2196939.716,6521481.087,0,Standard Array Pier
3774,2197003.075,6521481.087,0,Standard Array Pier
3775,2196969.327,6521481.087,0,Standard Array Pier
3776,2196074.741,6521500.618,0,Standard Array Pier
3777,2196940.239,6521500.618,0,Standard Array Pier
3778,2197003.599,6521500.618,0,Standard Array Pier
3779,2195977.633,6521500.618,0,Standard Array Pier
3780,2196011.381,6521500.618,0,Standard Array Pier
3781,2196045.13,6521500.618,0,Standard Array Pier
3782,2196969.85,6521500.618,0,Standard Array Pier
3783,2197169.389,6521500.618,0,Standard Array Pier
3784,2197203.137,6521500.618,0,Standard Array Pier
3785,2195845.068,6521481.087,0,Standard Array Pier
3786,2197037.347,6521500.618,0,Standard Array Pier
3787,2197101.892,6521500.618,0,Standard Array Pier
3788,2197135.641,6521500.618,0,Standard Array Pier
3789,2197168.342,6521461.557,0,Standard Array Pier
3790,2197202.091,6521461.557,0,Standard Array Pier
3791,2195844.021,6521442.026,0,Standard Array Pier
3792,2197036.3,6521461.557,0,Standard Array Pier
3793,2197100.845,6521461.557,0,Standard Array Pier
3794,2197134.594,6521461.557,0,Standard Array Pier
3795,2195810.273,6521442.026,0,Standard Array Pier
3796,2196009.811,6521442.026,0,Standard Array Pier
3797,2196043.56,6521442.026,0,Standard Array Pier
3798,2196073.171,6521442.026,0,Standard Array Pier
3799,2195877.77,6521442.026,0,Standard Array Pier
3800,2195942.315,6521442.026,0,Standard Array Pier
3801,2195976.063,6521442.026,0,Standard Array Pier
3802,2195810.796,6521461.557,0,Standard Array Pier
3803,2195878.293,6521461.557,0,Standard Array Pier
3804,2195942.838,6521461.557,0,Standard Array Pier
3805,2197168.866,6521481.087,0,Standard Array Pier
3806,2197202.614,6521481.087,0,Standard Array Pier
3807,2195844.545,6521461.557,0,Standard Array Pier
3808,2195976.586,6521461.557,0,Standard Array Pier
3809,2196939.192,6521461.557,0,Standard Array Pier
3810,2197002.552,6521461.557,0,Standard Array Pier
3811,2196968.804,6521461.557,0,Standard Array Pier
3812,2196010.335,6521461.557,0,Standard Array Pier
3813,2196044.083,6521461.557,0,Standard Array Pier
3814,2196073.694,6521461.557,0,Standard Array Pier
3815,2195846.638,6521539.679,0,Standard Array Pier
3816,2195812.89,6521539.679,0,Standard Array Pier
3817,2195880.386,6521539.679,0,Standard Array Pier
3818,2197137.211,6521559.21,0,Standard Array Pier
3819,2197170.959,6521559.21,0,Standard Array Pier
3820,2197204.707,6521559.21,0,Standard Array Pier
3821,2195944.931,6521539.679,0,Standard Array Pier
3822,2196075.788,6521539.679,0,Standard Array Pier
3823,2196941.286,6521539.679,0,Standard Array Pier
3824,2197004.645,6521539.679,0,Standard Array Pier
3825,2195978.68,6521539.679,0,Standard Array Pier
3826,2196012.428,6521539.679,0,Standard Array Pier
3827,2196046.177,6521539.679,0,Standard Array Pier
3828,2195945.455,6521559.21,0,Standard Array Pier
3829,2195979.203,6521559.21,0,Standard Array Pier
3830,2196012.952,6521559.21,0,Standard Array Pier
3831,2195847.161,6521559.21,0,Standard Array Pier
3832,2195813.413,6521559.21,0,Standard Array Pier
3833,2195880.91,6521559.21,0,Standard Array Pier
3834,2196046.7,6521559.21,0,Standard Array Pier
3835,2196971.42,6521559.21,0,Standard Array Pier
3836,2197038.917,6521559.21,0,Standard Array Pier
3837,2197103.462,6521559.21,0,Standard Array Pier
3838,2196076.311,6521559.21,0,Standard Array Pier
3839,2196941.809,6521559.21,0,Standard Array Pier
3840,2197005.169,6521559.21,0,Standard Array Pier
3841,2196970.374,6521520.149,0,Standard Array Pier
3842,2197037.87,6521520.149,0,Standard Array Pier
3843,2197102.416,6521520.149,0,Standard Array Pier
3844,2196075.264,6521520.149,0,Standard Array Pier
3845,2196940.763,6521520.149,0,Standard Array Pier
3846,2197004.122,6521520.149,0,Standard Array Pier
3847,2197136.164,6521520.149,0,Standard Array Pier
3848,2195811.843,6521500.618,0,Standard Array Pier
3849,2195879.34,6521500.618,0,Standard Array Pier
3850,2195943.885,6521500.618,0,Standard Array Pier
3851,2197169.912,6521520.149,0,Standard Array Pier
3852,2197203.661,6521520.149,0,Standard Array Pier
3853,2195845.591,6521500.618,0,Standard Array Pier
3854,2197136.687,6521539.679,0,Standard Array Pier
3855,2197170.436,6521539.679,0,Standard Array Pier
3856,2197204.184,6521539.679,0,Standard Array Pier
3857,2196970.897,6521539.679,0,Standard Array Pier
3858,2197038.394,6521539.679,0,Standard Array Pier
3859,2197102.939,6521539.679,0,Standard Array Pier
3860,2195846.115,6521520.149,0,Standard Array Pier
3861,2195978.156,6521520.149,0,Standard Array Pier
3862,2196011.905,6521520.149,0,Standard Array Pier
3863,2196045.653,6521520.149,0,Standard Array Pier
3864,2195812.366,6521520.149,0,Standard Array Pier
3865,2195879.863,6521520.149,0,Standard Array Pier
3866,2195944.408,6521520.149,0,Standard Array Pier
3867,2196795.813,6521578.741,0,Standard Array Pier
3868,2196320.077,6521520.149,0,Standard Array Pier
3869,2196353.826,6521520.149,0,Standard Array Pier
3870,2196387.574,6521520.149,0,Standard Array Pier
3871,2196221.784,6521520.149,0,Standard Array Pier
3872,2196188.035,6521520.149,0,Standard Array Pier
3873,2196255.532,6521520.149,0,Standard Array Pier
3874,2196421.322,6521520.149,0,Standard Array Pier
3875,2196187.512,6521500.618,0,Standard Array Pier
3876,2196255.009,6521500.618,0,Standard Array Pier
3877,2196319.554,6521500.618,0,Standard Array Pier
3878,2196450.934,6521520.149,0,Standard Array Pier
3879,2196157.901,6521500.618,0,Standard Array Pier
3880,2196221.26,6521500.618,0,Standard Array Pier
3881,2196158.948,6521539.679,0,Standard Array Pier
3882,2196222.307,6521539.679,0,Standard Array Pier
3883,2196188.559,6521539.679,0,Standard Array Pier
3884,2196388.621,6521559.21,0,Standard Array Pier
3885,2196422.369,6521559.21,0,Standard Array Pier
3886,2196451.98,6521559.21,0,Standard Array Pier
3887,2196256.056,6521539.679,0,Standard Array Pier
3888,2196421.846,6521539.679,0,Standard Array Pier
3889,2196451.457,6521539.679,0,Standard Array Pier
3890,2196158.424,6521520.149,0,Standard Array Pier
3891,2196320.601,6521539.679,0,Standard Array Pier
3892,2196354.349,6521539.679,0,Standard Array Pier
3893,2196388.097,6521539.679,0,Standard Array Pier
3894,2196253.962,6521461.557,0,Standard Array Pier
3895,2196318.507,6521461.557,0,Standard Array Pier
3896,2196352.256,6521461.557,0,Standard Array Pier
3897,2196156.854,6521461.557,0,Standard Array Pier
3898,2196220.214,6521461.557,0,Standard Array Pier
3899,2196186.465,6521461.557,0,Standard Array Pier
3900,2196386.004,6521461.557,0,Standard Array Pier
3901,2196219.69,6521442.026,0,Standard Array Pier
3902,2196185.942,6521442.026,0,Standard Array Pier
3903,2196253.439,6521442.026,0,Standard Array Pier
3904,2196419.752,6521461.557,0,Standard Array Pier
3905,2196449.363,6521461.557,0,Standard Array Pier
3906,2196156.331,6521442.026,0,Standard Array Pier
3907,2196450.41,6521500.618,0,Standard Array Pier
3908,2196157.378,6521481.087,0,Standard Array Pier
3909,2196220.737,6521481.087,0,Standard Array Pier
3910,2196353.302,6521500.618,0,Standard Array Pier
3911,2196387.051,6521500.618,0,Standard Array Pier
3912,2196420.799,6521500.618,0,Standard Array Pier
3913,2196186.989,6521481.087,0,Standard Array Pier
3914,2196386.527,6521481.087,0,Standard Array Pier
3915,2196420.276,6521481.087,0,Standard Array Pier
3916,2196449.887,6521481.087,0,Standard Array Pier
3917,2196254.485,6521481.087,0,Standard Array Pier
3918,2196319.031,6521481.087,0,Standard Array Pier
3919,2196352.779,6521481.087,0,Standard Array Pier
3920,2196390.714,6521637.333,0,Standard Array Pier
3921,2196424.463,6521637.333,0,Standard Array Pier
3922,2196454.074,6521637.333,0,Standard Array Pier
3923,2196258.672,6521637.333,0,Standard Array Pier
3924,2196323.217,6521637.333,0,Standard Array Pier
3925,2196356.966,6521637.333,0,Standard Array Pier
3926,2196161.041,6521617.802,0,Standard Array Pier
3927,2196322.694,6521617.802,0,Standard Array Pier
3928,2196356.442,6521617.802,0,Standard Array Pier
3929,2196390.191,6521617.802,0,Standard Array Pier
3930,2196224.401,6521617.802,0,Standard Array Pier
3931,2196190.652,6521617.802,0,Standard Array Pier
3932,2196258.149,6521617.802,0,Standard Array Pier
3933,2196191.699,6521656.863,0,Standard Array Pier
3934,2196259.196,6521656.863,0,Standard Array Pier
3935,2196323.741,6521656.863,0,Standard Array Pier
3936,2196455.12,6521676.394,0,Standard Array Pier
3937,2196162.088,6521656.863,0,Standard Array Pier
3938,2196225.447,6521656.863,0,Standard Array Pier
3939,2196357.489,6521656.863,0,Standard Array Pier
3940,2196161.564,6521637.333,0,Standard Array Pier
3941,2196224.924,6521637.333,0,Standard Array Pier
3942,2196191.176,6521637.333,0,Standard Array Pier
3943,2196391.238,6521656.863,0,Standard Array Pier
3944,2196424.986,6521656.863,0,Standard Array Pier
3945,2196454.597,6521656.863,0,Standard Array Pier
3946,2196355.396,6521578.741,0,Standard Array Pier
3947,2196389.144,6521578.741,0,Standard Array Pier
3948,2196422.892,6521578.741,0,Standard Array Pier
3949,2196189.606,6521578.741,0,Standard Array Pier
3950,2196257.102,6521578.741,0,Standard Array Pier
3951,2196321.647,6521578.741,0,Standard Array Pier
3952,2196452.504,6521578.741,0,Standard Array Pier
3953,2196256.579,6521559.21,0,Standard Array Pier
3954,2196321.124,6521559.21,0,Standard Array Pier
3955,2196354.872,6521559.21,0,Standard Array Pier
3956,2196159.471,6521559.21,0,Standard Array Pier
3957,2196222.831,6521559.21,0,Standard Array Pier
3958,2196189.082,6521559.21,0,Standard Array Pier
3959,2196223.877,6521598.271,0,Standard Array Pier
3960,2196190.129,6521598.271,0,Standard Array Pier
3961,2196257.626,6521598.271,0,Standard Array Pier
3962,2196423.939,6521617.802,0,Standard Array Pier
3963,2196453.55,6521617.802,0,Standard Array Pier
3964,2196160.518,6521598.271,0,Standard Array Pier
3965,2196322.171,6521598.271,0,Standard Array Pier
3966,2196453.027,6521598.271,0,Standard Array Pier
3967,2196159.994,6521578.741,0,Standard Array Pier
3968,2196223.354,6521578.741,0,Standard Array Pier
3969,2196355.919,6521598.271,0,Standard Array Pier
3970,2196389.667,6521598.271,0,Standard Array Pier
3971,2196423.416,6521598.271,0,Standard Array Pier
3972,2196152.144,6521285.781,0,Standard Array Pier
3973,2196215.503,6521285.781,0,Standard Array Pier
3974,2196181.755,6521285.781,0,Standard Array Pier
3975,2196381.817,6521305.312,0,Standard Array Pier
3976,2196415.565,6521305.312,0,Standard Array Pier
3977,2196445.177,6521305.312,0,Standard Array Pier
3978,2196249.252,6521285.781,0,Standard Array Pier
3979,2196415.042,6521285.781,0,Standard Array Pier
3980,2196444.653,6521285.781,0,Standard Array Pier
3981,2196151.62,6521266.25,0,Standard Array Pier
3982,2196313.797,6521285.781,0,Standard Array Pier
3983,2196347.545,6521285.781,0,Standard Array Pier
3984,2196381.294,6521285.781,0,Standard Array Pier
3985,2196348.592,6521324.842,0,Standard Array Pier
3986,2196382.34,6521324.842,0,Standard Array Pier
3987,2196416.089,6521324.842,0,Standard Array Pier
3988,2196182.802,6521324.842,0,Standard Array Pier
3989,2196250.299,6521324.842,0,Standard Array Pier
3990,2196314.844,6521324.842,0,Standard Array Pier
3991,2196445.7,6521324.842,0,Standard Array Pier
3992,2196249.775,6521305.312,0,Standard Array Pier
3993,2196314.32,6521305.312,0,Standard Array Pier
3994,2196348.069,6521305.312,0,Standard Array Pier
3995,2196152.667,6521305.312,0,Standard Array Pier
3996,2196216.027,6521305.312,0,Standard Array Pier
3997,2196182.278,6521305.312,0,Standard Array Pier
3998,2196443.606,6521246.72,0,Standard Array Pier
3999,2196150.574,6521227.189,0,Standard Array Pier
4000,2196213.933,6521227.189,0,Standard Array Pier
4001,2196346.498,6521246.72,0,Standard Array Pier
4002,2196380.247,6521246.72,0,Standard Array Pier
4003,2196413.995,6521246.72,0,Standard Array Pier
4004,2196180.185,6521227.189,0,Standard Array Pier
4005,2196379.723,6521227.189,0,Standard Array Pier
4006,2196413.472,6521227.189,0,Standard Array Pier
4007,2196443.083,6521227.189,0,Standard Array Pier
4008,2196247.682,6521227.189,0,Standard Array Pier
4009,2196312.227,6521227.189,0,Standard Array Pier
4010,2196345.975,6521227.189,0,Standard Array Pier
4011,2196313.273,6521266.25,0,Standard Array Pier
4012,2196347.022,6521266.25,0,Standard Array Pier
4013,2196380.77,6521266.25,0,Standard Array Pier
4014,2196214.98,6521266.25,0,Standard Array Pier
4015,2196181.232,6521266.25,0,Standard Array Pier
4016,2196248.728,6521266.25,0,Standard Array Pier
4017,2196414.519,6521266.25,0,Standard Array Pier
4018,2196180.708,6521246.72,0,Standard Array Pier
4019,2196248.205,6521246.72,0,Standard Array Pier
4020,2196312.75,6521246.72,0,Standard Array Pier
4021,2196444.13,6521266.25,0,Standard Array Pier
4022,2196151.097,6521246.72,0,Standard Array Pier
4023,2196214.457,6521246.72,0,Standard Array Pier
4024,2196184.895,6521402.965,0,Standard Array Pier
4025,2196252.392,6521402.965,0,Standard Array Pier
4026,2196316.937,6521402.965,0,Standard Array Pier
4027,2196448.317,6521422.495,0,Standard Array Pier
4028,2196155.284,6521402.965,0,Standard Array Pier
4029,2196218.644,6521402.965,0,Standard Array Pier
4030,2196350.685,6521402.965,0,Standard Array Pier
4031,2196154.761,6521383.434,0,Standard Array Pier
4032,2196218.12,6521383.434,0,Standard Array Pier
4033,2196184.372,6521383.434,0,Standard Array Pier
4034,2196384.434,6521402.965,0,Standard Array Pier
4035,2196418.182,6521402.965,0,Standard Array Pier
4036,2196447.793,6521402.965,0,Standard Array Pier
4037,2196419.229,6521442.026,0,Standard Array Pier
4038,2196448.84,6521442.026,0,Standard Array Pier
4039,2196155.807,6521422.495,0,Standard Array Pier
4040,2196317.984,6521442.026,0,Standard Array Pier
4041,2196351.732,6521442.026,0,Standard Array Pier
4042,2196385.481,6521442.026,0,Standard Array Pier
4043,2196219.167,6521422.495,0,Standard Array Pier
4044,2196351.209,6521422.495,0,Standard Array Pier
4045,2196384.957,6521422.495,0,Standard Array Pier
4046,2196418.706,6521422.495,0,Standard Array Pier
4047,2196185.419,6521422.495,0,Standard Array Pier
4048,2196252.915,6521422.495,0,Standard Array Pier
4049,2196317.46,6521422.495,0,Standard Array Pier
4050,2196217.074,6521344.373,0,Standard Array Pier
4051,2196183.325,6521344.373,0,Standard Array Pier
4052,2196250.822,6521344.373,0,Standard Array Pier
4053,2196417.135,6521363.904,0,Standard Array Pier
4054,2196446.747,6521363.904,0,Standard Array Pier
4055,2196153.714,6521344.373,0,Standard Array Pier
4056,2196315.367,6521344.373,0,Standard Array Pier
4057,2196446.223,6521344.373,0,Standard Array Pier
4058,2196153.191,6521324.842,0,Standard Array Pier
4059,2196216.55,6521324.842,0,Standard Array Pier
4060,2196349.115,6521344.373,0,Standard Array Pier
4061,2196382.864,6521344.373,0,Standard Array Pier
4062,2196416.612,6521344.373,0,Standard Array Pier
4063,2196383.91,6521383.434,0,Standard Array Pier
4064,2196417.659,6521383.434,0,Standard Array Pier
4065,2196447.27,6521383.434,0,Standard Array Pier
4066,2196251.869,6521383.434,0,Standard Array Pier
4067,2196316.414,6521383.434,0,Standard Array Pier
4068,2196350.162,6521383.434,0,Standard Array Pier
4069,2196154.237,6521363.904,0,Standard Array Pier
4070,2196315.89,6521363.904,0,Standard Array Pier
4071,2196349.639,6521363.904,0,Standard Array Pier
4072,2196383.387,6521363.904,0,Standard Array Pier
4073,2196217.597,6521363.904,0,Standard Array Pier
4074,2196183.849,6521363.904,0,Standard Array Pier
4075,2196251.345,6521363.904,0,Standard Array Pier
4076,2196659.585,6521422.495,0,Standard Array Pier
4077,2196724.13,6521422.495,0,Standard Array Pier
4078,2196757.878,6521422.495,0,Standard Array Pier
4079,2196562.477,6521422.495,0,Standard Array Pier
4080,2196625.836,6521422.495,0,Standard Array Pier
4081,2196592.088,6521422.495,0,Standard Array Pier
4082,2196791.626,6521422.495,0,Standard Array Pier
4083,2196625.313,6521402.965,0,Standard Array Pier
4084,2196591.564,6521402.965,0,Standard Array Pier
4085,2196659.061,6521402.965,0,Standard Array Pier
4086,2196825.375,6521422.495,0,Standard Array Pier
4087,2196854.986,6521422.495,0,Standard Array Pier
4088,2196561.953,6521402.965,0,Standard Array Pier
4089,2196856.033,6521461.557,0,Standard Array Pier
4090,2196563,6521442.026,0,Standard Array Pier
4091,2196626.36,6521442.026,0,Standard Array Pier
4092,2196758.925,6521461.557,0,Standard Array Pier
4093,2196792.673,6521461.557,0,Standard Array Pier
4094,2196826.421,6521461.557,0,Standard Array Pier
4095,2196592.611,6521442.026,0,Standard Array Pier
4096,2196792.15,6521442.026,0,Standard Array Pier
4097,2196825.898,6521442.026,0,Standard Array Pier
4098,2196855.509,6521442.026,0,Standard Array Pier
4099,2196660.108,6521442.026,0,Standard Array Pier
4100,2196724.653,6521442.026,0,Standard Array Pier
4101,2196758.401,6521442.026,0,Standard Array Pier
4102,2196590.518,6521363.904,0,Standard Array Pier
4103,2196658.014,6521363.904,0,Standard Array Pier
4104,2196722.559,6521363.904,0,Standard Array Pier
4105,2196853.939,6521383.434,0,Standard Array Pier
4106,2196560.906,6521363.904,0,Standard Array Pier
4107,2196624.266,6521363.904,0,Standard Array Pier
4108,2196756.308,6521363.904,0,Standard Array Pier
4109,2196560.383,6521344.373,0,Standard Array Pier
4110,2196623.743,6521344.373,0,Standard Array Pier
4111,2196589.994,6521344.373,0,Standard Array Pier
4112,2196790.056,6521363.904,0,Standard Array Pier
4113,2196823.805,6521363.904,0,Standard Array Pier
4114,2196853.416,6521363.904,0,Standard Array Pier
4115,2196824.851,6521402.965,0,Standard Array Pier
4116,2196854.462,6521402.965,0,Standard Array Pier
4117,2196561.43,6521383.434,0,Standard Array Pier
4118,2196723.606,6521402.965,0,Standard Array Pier
4119,2196757.355,6521402.965,0,Standard Array Pier
4120,2196791.103,6521402.965,0,Standard Array Pier
4121,2196624.789,6521383.434,0,Standard Array Pier
4122,2196756.831,6521383.434,0,Standard Array Pier
4123,2196790.58,6521383.434,0,Standard Array Pier
4124,2196824.328,6521383.434,0,Standard Array Pier
4125,2196591.041,6521383.434,0,Standard Array Pier
4126,2196658.538,6521383.434,0,Standard Array Pier
4127,2196723.083,6521383.434,0,Standard Array Pier
4128,2196761.018,6521539.679,0,Standard Array Pier
4129,2196794.766,6521539.679,0,Standard Array Pier
4130,2196828.515,6521539.679,0,Standard Array Pier
4131,2196595.228,6521539.679,0,Standard Array Pier
4132,2196662.725,6521539.679,0,Standard Array Pier
4133,2196727.27,6521539.679,0,Standard Array Pier
4134,2196858.126,6521539.679,0,Standard Array Pier
4135,2196662.201,6521520.149,0,Standard Array Pier
4136,2196726.746,6521520.149,0,Standard Array Pier
4137,2196760.495,6521520.149,0,Standard Array Pier
4138,2196565.093,6521520.149,0,Standard Array Pier
4139,2196628.453,6521520.149,0,Standard Array Pier
4140,2196594.705,6521520.149,0,Standard Array Pier
4141,2196629.5,6521559.21,0,Standard Array Pier
4142,2196595.751,6521559.21,0,Standard Array Pier
4143,2196663.248,6521559.21,0,Standard Array Pier
4144,2196829.562,6521578.741,0,Standard Array Pier
4145,2196859.173,6521578.741,0,Standard Array Pier
4146,2196566.14,6521559.21,0,Standard Array Pier
4147,2196727.793,6521559.21,0,Standard Array Pier
4148,2196858.649,6521559.21,0,Standard Array Pier
4149,2196565.617,6521539.679,0,Standard Array Pier
4150,2196628.976,6521539.679,0,Standard Array Pier
4151,2196761.541,6521559.21,0,Standard Array Pier
4152,2196795.29,6521559.21,0,Standard Array Pier
4153,2196829.038,6521559.21,0,Standard Array Pier
4154,2196725.7,6521481.087,0,Standard Array Pier
4155,2196759.448,6521481.087,0,Standard Array Pier
4156,2196793.196,6521481.087,0,Standard Array Pier
4157,2196627.406,6521481.087,0,Standard Array Pier
4158,2196593.658,6521481.087,0,Standard Array Pier
4159,2196661.155,6521481.087,0,Standard Array Pier
4160,2196826.945,6521481.087,0,Standard Array Pier
4161,2196593.135,6521461.557,0,Standard Array Pier
4162,2196660.631,6521461.557,0,Standard Array Pier
4163,2196725.176,6521461.557,0,Standard Array Pier
4164,2196856.556,6521481.087,0,Standard Array Pier
4165,2196563.523,6521461.557,0,Standard Array Pier
4166,2196626.883,6521461.557,0,Standard Array Pier
4167,2196564.57,6521500.618,0,Standard Array Pier
4168,2196627.93,6521500.618,0,Standard Array Pier
4169,2196594.181,6521500.618,0,Standard Array Pier
4170,2196794.243,6521520.149,0,Standard Array Pier
4171,2196827.991,6521520.149,0,Standard Array Pier
4172,2196857.603,6521520.149,0,Standard Array Pier
4173,2196661.678,6521500.618,0,Standard Array Pier
4174,2196827.468,6521500.618,0,Standard Array Pier
4175,2196857.079,6521500.618,0,Standard Array Pier
4176,2196564.047,6521481.087,0,Standard Array Pier
4177,2196726.223,6521500.618,0,Standard Array Pier
4178,2196759.971,6521500.618,0,Standard Array Pier
4179,2196793.72,6521500.618,0,Standard Array Pier
4180,2196457.214,6521754.516,0,Standard Array Pier
4181,2196164.181,6521734.986,0,Standard Array Pier
4182,2196227.541,6521734.986,0,Standard Array Pier
4183,2196360.106,6521754.516,0,Standard Array Pier
4184,2196393.854,6521754.516,0,Standard Array Pier
4185,2196427.603,6521754.516,0,Standard Array Pier
4186,2196193.793,6521734.986,0,Standard Array Pier
4187,2196393.331,6521734.986,0,Standard Array Pier
4188,2196427.079,6521734.986,0,Standard Array Pier
4189,2196456.691,6521734.986,0,Standard Array Pier
4190,2196261.289,6521734.986,0,Standard Array Pier
4191,2196325.834,6521734.986,0,Standard Array Pier
4192,2196359.583,6521734.986,0,Standard Array Pier
4193,2196718.896,6521227.189,0,Standard Array Pier
4194,2196752.644,6521227.189,0,Standard Array Pier
4195,2196786.393,6521227.189,0,Standard Array Pier
4196,2196620.602,6521227.189,0,Standard Array Pier
4197,2196586.854,6521227.189,0,Standard Array Pier
4198,2196654.351,6521227.189,0,Standard Array Pier
4199,2196820.141,6521227.189,0,Standard Array Pier
4200,2196194.316,6521754.516,0,Standard Array Pier
4201,2196261.813,6521754.516,0,Standard Array Pier
4202,2196326.358,6521754.516,0,Standard Array Pier
4203,2196849.752,6521227.189,0,Standard Array Pier
4204,2196164.705,6521754.516,0,Standard Array Pier
4205,2196228.064,6521754.516,0,Standard Array Pier
4206,2196426.033,6521695.925,0,Standard Array Pier
4207,2196455.644,6521695.925,0,Standard Array Pier
4208,2196162.611,6521676.394,0,Standard Array Pier
4209,2196324.788,6521695.925,0,Standard Array Pier
4210,2196358.536,6521695.925,0,Standard Array Pier
4211,2196392.284,6521695.925,0,Standard Array Pier
4212,2196225.971,6521676.394,0,Standard Array Pier
4213,2196358.013,6521676.394,0,Standard Array Pier
4214,2196391.761,6521676.394,0,Standard Array Pier
4215,2196425.509,6521676.394,0,Standard Array Pier
4216,2196192.222,6521676.394,0,Standard Array Pier
4217,2196259.719,6521676.394,0,Standard Array Pier
4218,2196324.264,6521676.394,0,Standard Array Pier
4219,2196260.766,6521715.455,0,Standard Array Pier
4220,2196325.311,6521715.455,0,Standard Array Pier
4221,2196359.059,6521715.455,0,Standard Array Pier
4222,2196163.658,6521715.455,0,Standard Array Pier
4223,2196227.018,6521715.455,0,Standard Array Pier
4224,2196193.269,6521715.455,0,Standard Array Pier
4225,2196392.808,6521715.455,0,Standard Array Pier
4226,2196226.494,6521695.925,0,Standard Array Pier
4227,2196192.746,6521695.925,0,Standard Array Pier
4228,2196260.243,6521695.925,0,Standard Array Pier
4229,2196426.556,6521715.455,0,Standard Array Pier
4230,2196456.167,6521715.455,0,Standard Array Pier
4231,2196163.135,6521695.925,0,Standard Array Pier
4232,2196622.696,6521305.312,0,Standard Array Pier
4233,2196588.948,6521305.312,0,Standard Array Pier
4234,2196656.444,6521305.312,0,Standard Array Pier
4235,2196822.758,6521324.842,0,Standard Array Pier
4236,2196852.369,6521324.842,0,Standard Array Pier
4237,2196559.336,6521305.312,0,Standard Array Pier
4238,2196720.989,6521305.312,0,Standard Array Pier
4239,2196851.846,6521305.312,0,Standard Array Pier
4240,2196558.813,6521285.781,0,Standard Array Pier
4241,2196622.173,6521285.781,0,Standard Array Pier
4242,2196754.738,6521305.312,0,Standard Array Pier
4243,2196788.486,6521305.312,0,Standard Array Pier
4244,2196822.234,6521305.312,0,Standard Array Pier
4245,2196789.533,6521344.373,0,Standard Array Pier
4246,2196823.281,6521344.373,0,Standard Array Pier
4247,2196852.892,6521344.373,0,Standard Array Pier
4248,2196657.491,6521344.373,0,Standard Array Pier
4249,2196722.036,6521344.373,0,Standard Array Pier
4250,2196755.784,6521344.373,0,Standard Array Pier
4251,2196559.86,6521324.842,0,Standard Array Pier
4252,2196721.513,6521324.842,0,Standard Array Pier
4253,2196755.261,6521324.842,0,Standard Array Pier
4254,2196789.009,6521324.842,0,Standard Array Pier
4255,2196623.219,6521324.842,0,Standard Array Pier
4256,2196589.471,6521324.842,0,Standard Array Pier
4257,2196656.968,6521324.842,0,Standard Array Pier
4258,2196557.766,6521246.72,0,Standard Array Pier
4259,2196621.126,6521246.72,0,Standard Array Pier
4260,2196587.377,6521246.72,0,Standard Array Pier
4261,2196787.439,6521266.25,0,Standard Array Pier
4262,2196821.188,6521266.25,0,Standard Array Pier
4263,2196850.799,6521266.25,0,Standard Array Pier
4264,2196654.874,6521246.72,0,Standard Array Pier
4265,2196820.664,6521246.72,0,Standard Array Pier
4266,2196850.276,6521246.72,0,Standard Array Pier
4267,2196557.243,6521227.189,0,Standard Array Pier
4268,2196719.419,6521246.72,0,Standard Array Pier
4269,2196753.168,6521246.72,0,Standard Array Pier
4270,2196786.916,6521246.72,0,Standard Array Pier
4271,2196754.214,6521285.781,0,Standard Array Pier
4272,2196787.963,6521285.781,0,Standard Array Pier
4273,2196821.711,6521285.781,0,Standard Array Pier
4274,2196588.424,6521285.781,0,Standard Array Pier
4275,2196655.921,6521285.781,0,Standard Array Pier
4276,2196720.466,6521285.781,0,Standard Array Pier
4277,2196851.322,6521285.781,0,Standard Array Pier
4278,2196655.398,6521266.25,0,Standard Array Pier
4279,2196719.943,6521266.25,0,Standard Array Pier
4280,2196753.691,6521266.25,0,Standard Array Pier
4281,2196558.29,6521266.25,0,Standard Array Pier
4282,2196621.649,6521266.25,0,Standard Array Pier
4283,2196587.901,6521266.25,0,Standard Array Pier
4284,2196903.301,6521227.189,0,Standard Array Pier Damper
4285,2196538.099,6521617.802,0,Standard Array Pier Damper
4286,2196903.824,6521246.72,0,Standard Array Pier Damper
4287,2196097.025,6521227.189,0,Standard Array Pier Damper
4288,2196889.831,6521617.802,0,Standard Array Pier Damper
4289,2196537.052,6521578.741,0,Standard Array Pier Damper
4290,2196888.784,6521578.741,0,Standard Array Pier Damper
4291,2196537.576,6521598.271,0,Standard Array Pier Damper
4292,2196889.307,6521598.271,0,Standard Array Pier Damper
4293,2196099.119,6521305.312,0,Standard Array Pier Damper
4294,2196905.394,6521305.312,0,Standard Array Pier Damper
4295,2196099.642,6521324.842,0,Standard Array Pier Damper
4296,2196905.918,6521324.842,0,Standard Array Pier Damper
4297,2196098.595,6521285.781,0,Standard Array Pier Damper
4298,2196904.348,6521266.25,0,Standard Array Pier Damper
4299,2196097.549,6521246.72,0,Standard Array Pier Damper
4300,2196904.871,6521285.781,0,Standard Array Pier Damper
4301,2196098.072,6521266.25,0,Standard Array Pier Damper
4302,2196885.644,6521461.557,0,Standard Array Pier Damper
4303,2196533.389,6521442.026,0,Standard Array Pier Damper
4304,2196886.167,6521481.087,0,Standard Array Pier Damper
4305,2196533.912,6521461.557,0,Standard Array Pier Damper
4306,2196885.12,6521442.026,0,Standard Array Pier Damper
4307,2196532.342,6521402.965,0,Standard Array Pier Damper
4308,2196884.074,6521402.965,0,Standard Array Pier Damper
4309,2196532.865,6521422.495,0,Standard Array Pier Damper
4310,2196884.597,6521422.495,0,Standard Array Pier Damper
4311,2196536.006,6521539.679,0,Standard Array Pier Damper
4312,2196887.737,6521539.679,0,Standard Array Pier Damper
4313,2196536.529,6521559.21,0,Standard Array Pier Damper
4314,2196888.261,6521559.21,0,Standard Array Pier Damper
4315,2196535.482,6521520.149,0,Standard Array Pier Damper
4316,2196886.691,6521500.618,0,Standard Array Pier Damper
4317,2196534.435,6521481.087,0,Standard Array Pier Damper
4318,2196887.214,6521520.149,0,Standard Array Pier Damper
4319,2196534.959,6521500.618,0,Standard Array Pier Damper
4320,2196906.441,6521344.373,0,Standard Array Pier Damper
4321,2196106.446,6521578.741,0,Standard Array Pier Damper
4322,2196912.721,6521578.741,0,Standard Array Pier Damper
4323,2196106.969,6521598.271,0,Standard Array Pier Damper
4324,2196913.245,6521598.271,0,Standard Array Pier Damper
4325,2196105.922,6521559.21,0,Standard Array Pier Damper
4326,2196911.675,6521539.679,0,Standard Array Pier Damper
4327,2196104.876,6521520.149,0,Standard Array Pier Damper
4328,2196912.198,6521559.21,0,Standard Array Pier Damper
4329,2196105.399,6521539.679,0,Standard Array Pier Damper
4330,2196110.109,6521715.455,0,Standard Array Pier Damper
4331,2196109.586,6521695.925,0,Standard Array Pier Damper
4332,2196111.156,6521754.516,0,Standard Array Pier Damper
4333,2196110.633,6521734.986,0,Standard Array Pier Damper
4334,2196109.063,6521676.394,0,Standard Array Pier Damper
4335,2196107.492,6521617.802,0,Standard Array Pier Damper
4336,2196913.768,6521617.802,0,Standard Array Pier Damper
4337,2196108.539,6521656.863,0,Standard Array Pier Damper
4338,2196108.016,6521637.333,0,Standard Array Pier Damper
4339,2196101.735,6521402.965,0,Standard Array Pier Damper
4340,2196908.011,6521402.965,0,Standard Array Pier Damper
4341,2196102.259,6521422.495,0,Standard Array Pier Damper
4342,2196908.534,6521422.495,0,Standard Array Pier Damper
4343,2196101.212,6521383.434,0,Standard Array Pier Damper
4344,2196906.964,6521363.904,0,Standard Array Pier Damper
4345,2196100.165,6521344.373,0,Standard Array Pier Damper
4346,2196907.488,6521383.434,0,Standard Array Pier Damper
4347,2196100.689,6521363.904,0,Standard Array Pier Damper
4348,2196910.628,6521500.618,0,Standard Array Pier Damper
4349,2196103.829,6521481.087,0,Standard Array Pier Damper
4350,2196911.151,6521520.149,0,Standard Array Pier Damper
4351,2196104.352,6521500.618,0,Standard Array Pier Damper
4352,2196910.105,6521481.087,0,Standard Array Pier Damper
4353,2196102.782,6521442.026,0,Standard Array Pier Damper
4354,2196909.058,6521442.026,0,Standard Array Pier Damper
4355,2196103.306,6521461.557,0,Standard Array Pier Damper
4356,2196909.581,6521461.557,0,Standard Array Pier Damper
4357,2196531.819,6521383.434,0,Standard Array Pier Damper
4358,2196478.975,6521461.557,0,Standard Array Pier Damper
4359,2196126.72,6521442.026,0,Standard Array Pier Damper
4360,2196479.498,6521481.087,0,Standard Array Pier Damper
4361,2196127.243,6521461.557,0,Standard Array Pier Damper
4362,2196478.451,6521442.026,0,Standard Array Pier Damper
4363,2196125.673,6521402.965,0,Standard Array Pier Damper
4364,2196477.405,6521402.965,0,Standard Array Pier Damper
4365,2196126.196,6521422.495,0,Standard Array Pier Damper
4366,2196477.928,6521422.495,0,Standard Array Pier Damper
4367,2196129.336,6521539.679,0,Standard Array Pier Damper
4368,2196481.068,6521539.679,0,Standard Array Pier Damper
4369,2196129.86,6521559.21,0,Standard Array Pier Damper
4370,2196481.592,6521559.21,0,Standard Array Pier Damper
4371,2196128.813,6521520.149,0,Standard Array Pier Damper
4372,2196480.021,6521500.618,0,Standard Array Pier Damper
4373,2196127.766,6521481.087,0,Standard Array Pier Damper
4374,2196480.545,6521520.149,0,Standard Array Pier Damper
4375,2196128.29,6521500.618,0,Standard Array Pier Damper
4376,2196474.264,6521285.781,0,Standard Array Pier Damper
4377,2196122.009,6521266.25,0,Standard Array Pier Damper
4378,2196474.788,6521305.312,0,Standard Array Pier Damper
4379,2196122.533,6521285.781,0,Standard Array Pier Damper
4380,2196473.741,6521266.25,0,Standard Array Pier Damper
4381,2196120.963,6521227.189,0,Standard Array Pier Damper
4382,2196472.694,6521227.189,0,Standard Array Pier Damper
4383,2196121.486,6521246.72,0,Standard Array Pier Damper
4384,2196473.218,6521246.72,0,Standard Array Pier Damper
4385,2196124.626,6521363.904,0,Standard Array Pier Damper
4386,2196476.358,6521363.904,0,Standard Array Pier Damper
4387,2196125.149,6521383.434,0,Standard Array Pier Damper
4388,2196476.881,6521383.434,0,Standard Array Pier Damper
4389,2196124.103,6521344.373,0,Standard Array Pier Damper
4390,2196475.311,6521324.842,0,Standard Array Pier Damper
4391,2196123.056,6521305.312,0,Standard Array Pier Damper
4392,2196475.834,6521344.373,0,Standard Array Pier Damper
4393,2196123.579,6521324.842,0,Standard Array Pier Damper
4394,2196482.115,6521578.741,0,Standard Array Pier Damper
4395,2196528.678,6521266.25,0,Standard Array Pier Damper
4396,2196880.41,6521266.25,0,Standard Array Pier Damper
4397,2196529.202,6521285.781,0,Standard Array Pier Damper
4398,2196880.934,6521285.781,0,Standard Array Pier Damper
4399,2196528.155,6521246.72,0,Standard Array Pier Damper
4400,2196879.363,6521227.189,0,Standard Array Pier Damper
4401,2196135.093,6521754.516,0,Standard Array Pier Damper
4402,2196879.887,6521246.72,0,Standard Array Pier Damper
4403,2196527.632,6521227.189,0,Standard Array Pier Damper
4404,2196883.027,6521363.904,0,Standard Array Pier Damper
4405,2196530.772,6521344.373,0,Standard Array Pier Damper
4406,2196883.55,6521383.434,0,Standard Array Pier Damper
4407,2196531.295,6521363.904,0,Standard Array Pier Damper
4408,2196882.504,6521344.373,0,Standard Array Pier Damper
4409,2196529.725,6521305.312,0,Standard Array Pier Damper
4410,2196881.457,6521305.312,0,Standard Array Pier Damper
4411,2196530.249,6521324.842,0,Standard Array Pier Damper
4412,2196881.98,6521324.842,0,Standard Array Pier Damper
4413,2196131.953,6521637.333,0,Standard Array Pier Damper
4414,2196483.685,6521637.333,0,Standard Array Pier Damper
4415,2196132.477,6521656.863,0,Standard Array Pier Damper
4416,2196484.208,6521656.863,0,Standard Array Pier Damper
4417,2196131.43,6521617.802,0,Standard Array Pier Damper
4418,2196482.638,6521598.271,0,Standard Array Pier Damper
4419,2196130.383,6521578.741,0,Standard Array Pier Damper
4420,2196483.162,6521617.802,0,Standard Array Pier Damper
4421,2196130.907,6521598.271,0,Standard Array Pier Damper
4422,2196486.302,6521734.986,0,Standard Array Pier Damper
4423,2196134.047,6521715.455,0,Standard Array Pier Damper
4424,2196486.825,6521754.516,0,Standard Array Pier Damper
4425,2196134.57,6521734.986,0,Standard Array Pier Damper
4426,2196485.778,6521715.455,0,Standard Array Pier Damper
4427,2196133,6521676.394,0,Standard Array Pier Damper
4428,2196484.732,6521676.394,0,Standard Array Pier Damper
4429,2196133.523,6521695.925,0,Standard Array Pier Damper
4430,2196485.255,6521695.925,0,Standard Array Pier Damper
4431,2195783.279,6521539.679,0,Standard Array Pier_Edge
4432,2197233.795,6521539.679,0,Standard Array Pier_Edge
4433,2195782.755,6521520.149,0,Standard Array Pier_Edge
4434,2197234.842,6521578.741,0,Standard Array Pier_Edge
4435,2195783.802,6521559.21,0,Standard Array Pier_Edge
4436,2197234.319,6521559.21,0,Standard Array Pier_Edge
4437,2195781.708,6521481.087,0,Standard Array Pier_Edge
4438,2197232.225,6521481.087,0,Standard Array Pier_Edge
4439,2195781.185,6521461.557,0,Standard Array Pier_Edge
4440,2197233.272,6521520.149,0,Standard Array Pier_Edge
4441,2195782.232,6521500.618,0,Standard Array Pier_Edge
4442,2197232.748,6521500.618,0,Standard Array Pier_Edge
4443,2195787.465,6521695.925,0,Standard Array Pier_Edge
4444,2195786.942,6521676.394,0,Standard Array Pier_Edge
4445,2195786.419,6521656.863,0,Standard Array Pier_Edge
4446,2195789.036,6521754.516,0,Standard Array Pier_Edge
4447,2195788.512,6521734.986,0,Standard Array Pier_Edge
4448,2195787.989,6521715.455,0,Standard Array Pier_Edge
4449,2195784.849,6521598.271,0,Standard Array Pier_Edge
4450,2197235.365,6521598.271,0,Standard Array Pier_Edge
4451,2195784.325,6521578.741,0,Standard Array Pier_Edge
4452,2195785.895,6521637.333,0,Standard Array Pier_Edge
4453,2195785.372,6521617.802,0,Standard Array Pier_Edge
4454,2197235.889,6521617.802,0,Standard Array Pier_Edge
4455,2197231.702,6521461.557,0,Standard Array Pier_Edge
4456,2197227.515,6521305.312,0,Standard Array Pier_Edge
4457,2195776.475,6521285.781,0,Standard Array Pier_Edge
4458,2197226.991,6521285.781,0,Standard Array Pier_Edge
4459,2195777.521,6521324.842,0,Standard Array Pier_Edge
4460,2197228.038,6521324.842,0,Standard Array Pier_Edge
4461,2195776.998,6521305.312,0,Standard Array Pier_Edge
4462,2197225.945,6521246.72,0,Standard Array Pier_Edge
4463,2195774.905,6521227.189,0,Standard Array Pier_Edge
4464,2197225.421,6521227.189,0,Standard Array Pier_Edge
4465,2195775.951,6521266.25,0,Standard Array Pier_Edge
4466,2197226.468,6521266.25,0,Standard Array Pier_Edge
4467,2195775.428,6521246.72,0,Standard Array Pier_Edge
4468,2197230.655,6521422.495,0,Standard Array Pier_Edge
4469,2195779.615,6521402.965,0,Standard Array Pier_Edge
4470,2197230.132,6521402.965,0,Standard Array Pier_Edge
4471,2195780.662,6521442.026,0,Standard Array Pier_Edge
4472,2197231.178,6521442.026,0,Standard Array Pier_Edge
4473,2195780.138,6521422.495,0,Standard Array Pier_Edge
4474,2197229.085,6521363.904,0,Standard Array Pier_Edge
4475,2195778.045,6521344.373,0,Standard Array Pier_Edge
4476,2197228.562,6521344.373,0,Standard Array Pier_Edge
4477,2195779.092,6521383.434,0,Standard Array Pier_Edge
4478,2197229.608,6521383.434,0,Standard Array Pier_Edge
4479,2195778.568,6521363.904,0,Standard Array Pier_Edge
4480,2195753.667,6521539.679,0,Standard Array Pier_Edge Damper
4481,2197263.406,6521539.679,0,Standard Array Pier_Edge Damper
4482,2195753.144,6521520.149,0,Standard Array Pier_Edge Damper
4483,2197264.453,6521578.741,0,Standard Array Pier_Edge Damper
4484,2195754.191,6521559.21,0,Standard Array Pier_Edge Damper
4485,2197263.93,6521559.21,0,Standard Array Pier_Edge Damper
4486,2195752.097,6521481.087,0,Standard Array Pier_Edge Damper
4487,2197261.836,6521481.087,0,Standard Array Pier_Edge Damper
4488,2195751.574,6521461.557,0,Standard Array Pier_Edge Damper
4489,2197262.883,6521520.149,0,Standard Array Pier_Edge Damper
4490,2195752.621,6521500.618,0,Standard Array Pier_Edge Damper
4491,2197262.36,6521500.618,0,Standard Array Pier_Edge Damper
4492,2195757.854,6521695.925,0,Standard Array Pier_Edge Damper
4493,2195757.331,6521676.394,0,Standard Array Pier_Edge Damper
4494,2195756.807,6521656.863,0,Standard Array Pier_Edge Damper
4495,2195759.424,6521754.516,0,Standard Array Pier_Edge Damper
4496,2195758.901,6521734.986,0,Standard Array Pier_Edge Damper
4497,2195758.378,6521715.455,0,Standard Array Pier_Edge Damper
4498,2195755.237,6521598.271,0,Standard Array Pier_Edge Damper
4499,2197264.977,6521598.271,0,Standard Array Pier_Edge Damper
4500,2195754.714,6521578.741,0,Standard Array Pier_Edge Damper
4501,2195756.284,6521637.333,0,Standard Array Pier_Edge Damper
4502,2195755.761,6521617.802,0,Standard Array Pier_Edge Damper
4503,2197265.5,6521617.802,0,Standard Array Pier_Edge Damper
4504,2197261.313,6521461.557,0,Standard Array Pier_Edge Damper
4505,2197257.126,6521305.312,0,Standard Array Pier_Edge Damper
4506,2195746.864,6521285.781,0,Standard Array Pier_Edge Damper
4507,2197256.603,6521285.781,0,Standard Array Pier_Edge Damper
4508,2195747.91,6521324.842,0,Standard Array Pier_Edge Damper
4509,2197257.649,6521324.842,0,Standard Array Pier_Edge Damper
4510,2195747.387,6521305.312,0,Standard Array Pier_Edge Damper
4511,2197255.556,6521246.72,0,Standard Array Pier_Edge Damper
4512,2195745.293,6521227.189,0,Standard Array Pier_Edge Damper
4513,2197255.033,6521227.189,0,Standard Array Pier_Edge Damper
4514,2195746.34,6521266.25,0,Standard Array Pier_Edge Damper
4515,2197256.079,6521266.25,0,Standard Array Pier_Edge Damper
4516,2195745.817,6521246.72,0,Standard Array Pier_Edge Damper
4517,2197260.266,6521422.495,0,Standard Array Pier_Edge Damper
4518,2195750.004,6521402.965,0,Standard Array Pier_Edge Damper
4519,2197259.743,6521402.965,0,Standard Array Pier_Edge Damper
4520,2195751.05,6521442.026,0,Standard Array Pier_Edge Damper
4521,2197260.79,6521442.026,0,Standard Array Pier_Edge Damper
4522,2195750.527,6521422.495,0,Standard Array Pier_Edge Damper
4523,2197258.696,6521363.904,0,Standard Array Pier_Edge Damper
4524,2195748.434,6521344.373,0,Standard Array Pier_Edge Damper
4525,2197258.173,6521344.373,0,Standard Array Pier_Edge Damper
4526,2195749.48,6521383.434,0,Standard Array Pier_Edge Damper
4527,2197259.219,6521383.434,0,Standard Array Pier_Edge Damper
4528,2195748.957,6521363.904,0,Standard Array Pier_Edge Damper
4529,2195907.949,6521363.904,0,Standard Motor Pier
4530,2197066.479,6521383.434,0,Standard Motor Pier
4531,2195908.472,6521383.434,0,Standard Motor Pier
4532,2197065.433,6521344.373,0,Standard Motor Pier
4533,2195907.425,6521344.373,0,Standard Motor Pier
4534,2197065.956,6521363.904,0,Standard Motor Pier
4535,2195909.519,6521422.495,0,Standard Motor Pier
4536,2197068.05,6521442.026,0,Standard Motor Pier
4537,2195910.042,6521442.026,0,Standard Motor Pier
4538,2197067.003,6521402.965,0,Standard Motor Pier
4539,2195908.995,6521402.965,0,Standard Motor Pier
4540,2197067.526,6521422.495,0,Standard Motor Pier
4541,2195904.808,6521246.72,0,Standard Motor Pier
4542,2197063.339,6521266.25,0,Standard Motor Pier
4543,2195905.332,6521266.25,0,Standard Motor Pier
4544,2197062.293,6521227.189,0,Standard Motor Pier
4545,2195904.285,6521227.189,0,Standard Motor Pier
4546,2197062.816,6521246.72,0,Standard Motor Pier
4547,2195906.379,6521305.312,0,Standard Motor Pier
4548,2197064.909,6521324.842,0,Standard Motor Pier
4549,2195906.902,6521324.842,0,Standard Motor Pier
4550,2197063.863,6521285.781,0,Standard Motor Pier
4551,2195905.855,6521285.781,0,Standard Motor Pier
4552,2197064.386,6521305.312,0,Standard Motor Pier
4553,2197068.573,6521461.557,0,Standard Motor Pier
4554,2197072.76,6521617.802,0,Standard Motor Pier
4555,2195914.752,6521617.802,0,Standard Motor Pier
4556,2195915.276,6521637.333,0,Standard Motor Pier
4557,2195913.706,6521578.741,0,Standard Motor Pier
4558,2197072.236,6521598.271,0,Standard Motor Pier
4559,2195914.229,6521598.271,0,Standard Motor Pier
4560,2195917.369,6521715.455,0,Standard Motor Pier
4561,2195917.893,6521734.986,0,Standard Motor Pier
4562,2195918.416,6521754.516,0,Standard Motor Pier
4563,2195915.799,6521656.863,0,Standard Motor Pier
4564,2195916.323,6521676.394,0,Standard Motor Pier
4565,2195916.846,6521695.925,0,Standard Motor Pier
4566,2197069.62,6521500.618,0,Standard Motor Pier
4567,2195911.612,6521500.618,0,Standard Motor Pier
4568,2197070.143,6521520.149,0,Standard Motor Pier
4569,2195910.565,6521461.557,0,Standard Motor Pier
4570,2197069.096,6521481.087,0,Standard Motor Pier
4571,2195911.089,6521481.087,0,Standard Motor Pier
4572,2197071.19,6521559.21,0,Standard Motor Pier
4573,2195913.182,6521559.21,0,Standard Motor Pier
4574,2197071.713,6521578.741,0,Standard Motor Pier
4575,2195912.136,6521520.149,0,Standard Motor Pier
4576,2197070.666,6521539.679,0,Standard Motor Pier
4577,2195912.659,6521539.679,0,Standard Motor Pier
4578,2196287.805,6521520.149,0,Standard Motor Pier
4579,2196288.328,6521539.679,0,Standard Motor Pier
4580,2196288.851,6521559.21,0,Standard Motor Pier
4581,2196286.235,6521461.557,0,Standard Motor Pier
4582,2196286.758,6521481.087,0,Standard Motor Pier
4583,2196287.281,6521500.618,0,Standard Motor Pier
4584,2196290.945,6521637.333,0,Standard Motor Pier
4585,2196291.468,6521656.863,0,Standard Motor Pier
4586,2196291.992,6521676.394,0,Standard Motor Pier
4587,2196289.375,6521578.741,0,Standard Motor Pier
4588,2196289.898,6521598.271,0,Standard Motor Pier
4589,2196290.422,6521617.802,0,Standard Motor Pier
4590,2196281.524,6521285.781,0,Standard Motor Pier
4591,2196282.048,6521305.312,0,Standard Motor Pier
4592,2196282.571,6521324.842,0,Standard Motor Pier
4593,2196279.954,6521227.189,0,Standard Motor Pier
4594,2196280.478,6521246.72,0,Standard Motor Pier
4595,2196281.001,6521266.25,0,Standard Motor Pier
4596,2196284.665,6521402.965,0,Standard Motor Pier
4597,2196285.188,6521422.495,0,Standard Motor Pier
4598,2196285.711,6521442.026,0,Standard Motor Pier
4599,2196283.094,6521344.373,0,Standard Motor Pier
4600,2196283.618,6521363.904,0,Standard Motor Pier
4601,2196284.141,6521383.434,0,Standard Motor Pier
4602,2196292.515,6521695.925,0,Standard Motor Pier
4603,2196692.904,6521461.557,0,Standard Motor Pier
4604,2196693.427,6521481.087,0,Standard Motor Pier
4605,2196693.951,6521500.618,0,Standard Motor Pier
4606,2196691.334,6521402.965,0,Standard Motor Pier
4607,2196691.857,6521422.495,0,Standard Motor Pier
4608,2196692.38,6521442.026,0,Standard Motor Pier
4609,2196696.044,6521578.741,0,Standard Motor Pier
4610,2196696.567,6521598.271,0,Standard Motor Pier
4611,2196697.091,6521617.802,0,Standard Motor Pier
4612,2196694.474,6521520.149,0,Standard Motor Pier
4613,2196694.997,6521539.679,0,Standard Motor Pier
4614,2196695.521,6521559.21,0,Standard Motor Pier
4615,2196686.623,6521227.189,0,Standard Motor Pier
4616,2196687.147,6521246.72,0,Standard Motor Pier
4617,2196687.67,6521266.25,0,Standard Motor Pier
4618,2196293.038,6521715.455,0,Standard Motor Pier
4619,2196293.562,6521734.986,0,Standard Motor Pier
4620,2196294.085,6521754.516,0,Standard Motor Pier
4621,2196689.764,6521344.373,0,Standard Motor Pier
4622,2196690.287,6521363.904,0,Standard Motor Pier
4623,2196690.81,6521383.434,0,Standard Motor Pier
4624,2196688.193,6521285.781,0,Standard Motor Pier
4625,2196688.717,6521305.312,0,Standard Motor Pier
4626,2196689.24,6521324.842,0,Standard Motor Pier
