P,N,E,N,C
17.01.01.A,7230017.086,2685948.808,705.142904,Pink/Orange
17.01.01.B,7229987.774,2685948.808,705.271715,Pink/Orange
17.01.01.C,7229958.461,2685948.808,705.400531,Pink/White
17.01.01.D,7229929.148,2685948.808,705.529346,Pink/White
17.01.01.E,7229899.836,2685948.808,705.658157,Pink/White
17.01.01.F,7229870.523,2685948.808,705.786973,Pink/White
17.01.01.G,7229842.643,2685948.808,705.909491,Black/White
17.01.01.H,7229810.669,2685948.808,706.05,Pink/White
17.01.01.I,7229781.357,2685948.808,706.178812,Pink/White
17.01.01.J,7229752.044,2685948.808,706.307627,Pink/White
17.01.01.K,7229722.731,2685948.808,706.436443,Pink/Orange
17.01.01.L,7229693.419,2685948.808,706.565254,Pink/Orange
17.01.02.A,7230017.086,2685966.808,705.42298,Pink/Orange
17.01.02.B,7229987.774,2685966.808,705.533551,Pink/Orange
17.01.02.C,7229958.461,2685966.808,705.644126,Pink/White
17.01.02.D,7229929.148,2685966.808,705.754701,Pink/White
17.01.02.E,7229899.836,2685966.808,705.865272,Pink/White
17.01.02.F,7229870.523,2685966.808,705.975847,Pink/White
17.01.02.G,7229842.643,2685966.808,706.081016,Purple/White
17.01.02.H,7229810.669,2685966.808,706.201629,Pink/White
17.01.02.I,7229781.357,2685966.808,706.3122,Pink/White
17.01.02.J,7229752.044,2685966.808,706.422775,Pink/White
17.01.02.K,7229722.731,2685966.808,706.53335,Pink/Orange
17.01.02.L,7229693.419,2685966.808,706.643921,Pink/Orange
17.01.03.A,7230017.086,2685984.808,705.697379,Yellow/Orange
17.01.03.B,7229987.774,2685984.808,705.808096,Yellow/White
17.01.03.C,7229958.461,2685984.808,705.918818,Yellow/White
17.01.03.D,7229929.148,2685984.808,706.02954,Yellow/White
17.01.03.E,7229899.836,2685984.808,706.140257,Yellow/White
17.01.03.F,7229870.523,2685984.808,706.250979,Yellow/White
17.01.03.G,7229842.643,2685984.808,706.356288,Green/White
17.01.03.H,7229810.669,2685984.808,706.47706,Red/White
17.01.03.I,7229781.357,2685984.808,706.587778,Red/White
17.01.03.J,7229752.044,2685984.808,706.6985,Yellow/White
17.01.03.K,7229722.731,2685984.808,706.809221,Yellow/White
17.01.03.L,7229693.419,2685984.808,706.919939,Yellow/Orange
17.01.04.A,7230017.086,2686002.808,705.608949,Yellow/Orange
17.01.04.B,7229987.774,2686002.808,705.747539,Yellow/White
17.01.04.C,7229958.461,2686002.808,705.886134,Yellow/White
17.01.04.D,7229929.148,2686002.808,706.024729,Yellow/White
17.01.04.E,7229899.836,2686002.808,706.163319,Yellow/White
17.01.04.F,7229870.523,2686002.808,706.301914,Yellow/White
17.01.04.G,7229842.643,2686002.808,706.433733,Green/White
17.01.04.H,7229810.669,2686002.808,706.58491,Yellow/White
17.01.04.I,7229781.357,2686002.808,706.7235,Yellow/White
17.01.04.J,7229752.044,2686002.808,706.862095,Yellow/White
17.01.04.K,7229722.731,2686002.808,707.00069,Yellow/White
17.01.04.L,7229693.419,2686002.808,707.13928,Yellow/Orange
17.01.05.A,7230017.086,2686020.808,706.247578,Yellow/Orange
17.01.05.B,7229987.774,2686020.808,706.362708,Yellow/White
17.01.05.C,7229958.461,2686020.808,706.477843,Yellow/White
17.01.05.D,7229929.148,2686020.808,706.592978,Yellow/White
17.01.05.E,7229899.836,2686020.808,706.708108,Yellow/White
17.01.05.F,7229870.523,2686020.808,706.823243,Yellow/White
17.01.05.G,7229842.643,2686020.808,706.932749,Blue/White
17.01.05.H,7229810.669,2686020.808,707.058335,Yellow/White
17.01.05.I,7229781.357,2686020.808,707.173466,Yellow/White
17.01.05.J,7229752.044,2686020.808,707.2886,Yellow/White
17.01.05.K,7229722.731,2686020.808,707.403735,Yellow/White
17.01.05.L,7229693.419,2686020.808,707.518866,Yellow/Orange
17.01.06.A,7230017.086,2686038.808,706.5887,Yellow/Orange
17.01.06.B,7229987.774,2686038.808,706.699733,Yellow/White
17.01.06.C,7229958.461,2686038.808,706.810769,Yellow/White
17.01.06.D,7229929.148,2686038.808,706.921806,Yellow/White
17.01.06.E,7229899.836,2686038.808,707.032839,Yellow/White
17.01.06.F,7229870.523,2686038.808,707.143876,Yellow/White
17.01.06.G,7229842.643,2686038.808,707.249484,Blue/White
17.01.06.H,7229810.669,2686038.808,707.370601,Yellow/White
17.01.06.I,7229781.357,2686038.808,707.481633,Yellow/White
17.01.06.J,7229752.044,2686038.808,707.59267,Yellow/White
17.01.06.K,7229722.731,2686038.808,707.703707,Yellow/White
17.01.06.L,7229693.419,2686038.808,707.81474,Yellow/Orange
17.01.07.A,7230017.086,2686056.808,706.901119,Yellow/Orange
17.01.07.B,7229987.774,2686056.808,706.999324,Yellow/White
17.01.07.C,7229958.461,2686056.808,707.097532,Yellow/White
17.01.07.D,7229929.148,2686056.808,707.195741,Yellow/White
17.01.07.E,7229899.836,2686056.808,707.293946,Yellow/White
17.01.07.F,7229870.523,2686056.808,707.392155,Yellow/White
17.01.07.G,7229842.643,2686056.808,707.485562,Green/White
17.01.07.H,7229810.669,2686056.808,707.592686,Yellow/White
17.01.07.I,7229781.357,2686056.808,707.690891,Yellow/White
17.01.07.J,7229752.044,2686056.808,707.7891,Yellow/White
17.01.07.K,7229722.731,2686056.808,707.887308,Yellow/White
17.01.07.L,7229693.419,2686056.808,707.985514,Yellow/Orange
17.01.08.A,7230017.086,2686074.808,707.0457,Yellow/Orange
17.01.08.B,7229987.774,2686074.808,707.133052,Yellow/White
17.01.08.C,7229958.461,2686074.808,707.220407,Yellow/White
17.01.08.D,7229929.148,2686074.808,707.307762,Yellow/White
17.01.08.E,7229899.836,2686074.808,707.395114,Yellow/White
17.01.08.F,7229870.523,2686074.808,707.482469,Yellow/White
17.01.08.G,7229842.643,2686074.808,707.565553,Blue/White
17.01.08.H,7229810.669,2686074.808,707.660838,Yellow/White
17.01.08.I,7229781.357,2686074.808,707.74819,Yellow/White
17.01.08.J,7229752.044,2686074.808,707.835545,Yellow/White
17.01.08.K,7229722.731,2686074.808,707.9229,Yellow/White
17.01.08.L,7229693.419,2686074.808,708.010252,Yellow/Orange
17.01.09.A,7230017.086,2686092.808,707.2124,Yellow/Orange
17.01.09.B,7229987.774,2686092.808,707.282069,Yellow/White
17.01.09.C,7229958.461,2686092.808,707.351741,Yellow/White
17.01.09.D,7229929.148,2686092.808,707.421412,Yellow/White
17.01.09.E,7229899.836,2686092.808,707.491081,Yellow/White
17.01.09.F,7229870.523,2686092.808,707.560752,Yellow/White
17.01.09.G,7229842.643,2686092.808,707.627018,Blue/White
17.01.09.H,7229810.669,2686092.808,707.703014,Yellow/White
17.01.09.I,7229781.357,2686092.808,707.772683,Yellow/White
17.01.09.J,7229752.044,2686092.808,707.842354,Yellow/White
17.01.09.K,7229722.731,2686092.808,707.912026,Yellow/White
17.01.09.L,7229693.419,2686092.808,707.981695,Yellow/Orange
17.01.10.A,7230017.086,2686110.808,707.3366,Yellow/Orange
17.01.10.B,7229987.774,2686110.808,707.405718,Yellow/White
17.01.10.C,7229958.461,2686110.808,707.474839,Yellow/White
17.01.10.D,7229929.148,2686110.808,707.54396,Yellow/White
17.01.10.E,7229899.836,2686110.808,707.613078,Yellow/White
17.01.10.F,7229870.523,2686110.808,707.682199,Yellow/White
17.01.10.G,7229842.643,2686110.808,707.747941,Blue/White
17.01.10.H,7229810.669,2686110.808,707.823337,Yellow/White
17.01.10.I,7229781.357,2686110.808,707.892455,Yellow/White
17.01.10.J,7229752.044,2686110.808,707.961576,Yellow/White
17.01.10.K,7229722.731,2686110.808,708.030697,Yellow/White
17.01.10.L,7229693.419,2686110.808,708.099815,Yellow/Orange
17.01.11.A,7230017.086,2686128.808,707.4623,Yellow/Orange
17.01.11.B,7229987.774,2686128.808,707.548085,Yellow/White
17.01.11.C,7229958.461,2686128.808,707.633873,Yellow/White
17.01.11.D,7229929.148,2686128.808,707.71966,Yellow/White
17.01.11.E,7229899.836,2686128.808,707.805445,Yellow/White
17.01.11.F,7229870.523,2686128.808,707.891233,Yellow/White
17.01.11.G,7229842.643,2686128.808,707.972826,Blue/White
17.01.11.H,7229810.669,2686128.808,708.066402,Yellow/White
17.01.11.I,7229781.357,2686128.808,708.152186,Yellow/White
17.01.11.J,7229752.044,2686128.808,708.237974,Yellow/White
17.01.11.K,7229722.731,2686128.808,708.323762,Yellow/White
17.01.11.L,7229693.419,2686128.808,708.409546,Yellow/Orange
17.01.12.A,7230017.086,2686146.808,707.782348,Yellow/Orange
17.01.12.B,7229987.774,2686146.808,707.874136,Yellow/White
17.01.12.C,7229958.461,2686146.808,707.965927,Yellow/White
17.01.12.D,7229929.148,2686146.808,708.057718,Yellow/White
17.01.12.E,7229899.836,2686146.808,708.149506,Yellow/White
17.01.12.F,7229870.523,2686146.808,708.241297,Yellow/White
17.01.12.G,7229842.643,2686146.808,708.3286,Blue/White
17.01.12.H,7229810.669,2686146.808,708.428724,Yellow/White
17.01.12.I,7229781.357,2686146.808,708.520512,Yellow/White
17.01.12.J,7229752.044,2686146.808,708.612303,Yellow/White
17.01.12.K,7229722.731,2686146.808,708.704094,Yellow/White
17.01.12.L,7229693.419,2686146.808,708.795882,Yellow/Orange
17.01.13.A,7230017.086,2686164.808,707.984555,Yellow/Orange
17.01.13.B,7229987.774,2686164.808,708.067822,Yellow/White
17.01.13.C,7229958.461,2686164.808,708.151092,Yellow/White
17.01.13.D,7229929.148,2686164.808,708.234363,Yellow/White
17.01.13.E,7229899.836,2686164.808,708.31763,Yellow/White
17.01.13.F,7229870.523,2686164.808,708.4009,Yellow/White
17.01.13.G,7229842.643,2686164.808,708.4801,Blue/White
17.01.13.H,7229810.669,2686164.808,708.570929,Yellow/White
17.01.13.I,7229781.357,2686164.808,708.654197,Yellow/White
17.01.13.J,7229752.044,2686164.808,708.737467,Yellow/White
17.01.13.K,7229722.731,2686164.808,708.820737,Yellow/White
17.01.13.L,7229693.419,2686164.808,708.904005,Yellow/Orange
17.01.14.A,7230017.086,2686182.808,708.0152,Yellow/Orange
17.01.14.B,7229987.774,2686182.808,708.103134,Yellow/White
17.01.14.C,7229958.461,2686182.808,708.19107,Yellow/White
17.01.14.D,7229929.148,2686182.808,708.279007,Yellow/White
17.01.14.E,7229899.836,2686182.808,708.36694,Yellow/White
17.01.14.F,7229870.523,2686182.808,708.454876,Yellow/White
17.01.14.G,7229842.643,2686182.808,708.538514,Blue/White
17.01.14.H,7229810.669,2686182.808,708.634433,Yellow/White
17.01.14.I,7229781.357,2686182.808,708.722367,Yellow/White
17.01.14.J,7229752.044,2686182.808,708.810303,Yellow/White
17.01.14.K,7229722.731,2686182.808,708.898239,Yellow/White
17.01.14.L,7229693.419,2686182.808,708.986173,Yellow/Orange
17.01.15.A,7230017.086,2686200.808,708.0805,Yellow/Orange
17.01.15.B,7229987.774,2686200.808,708.182096,Yellow/White
17.01.15.C,7229958.461,2686200.808,708.283697,Yellow/White
17.01.15.D,7229929.148,2686200.808,708.385297,Yellow/White
17.01.15.E,7229899.836,2686200.808,708.486894,Yellow/White
17.01.15.F,7229870.523,2686200.808,708.588494,Yellow/White
17.01.15.G,7229842.643,2686200.808,708.685128,Blue/White
17.01.15.H,7229810.669,2686200.808,708.795952,Yellow/White
17.01.15.I,7229781.357,2686200.808,708.897548,Yellow/White
17.01.15.J,7229752.044,2686200.808,708.999149,Yellow/White
17.01.15.K,7229722.731,2686200.808,709.100749,Yellow/White
17.01.15.L,7229693.419,2686200.808,709.202346,Yellow/Orange
17.01.16.A,7230017.086,2686218.808,708.0889,Yellow/Orange
17.01.16.B,7229987.774,2686218.808,708.184561,Yellow/White
17.01.16.C,7229958.461,2686218.808,708.280224,Yellow/White
17.01.16.D,7229929.148,2686218.808,708.375888,Yellow/White
17.01.16.E,7229899.836,2686218.808,708.471548,Yellow/White
17.01.16.F,7229870.523,2686218.808,708.567212,Yellow/White
17.01.16.G,7229842.643,2686218.808,708.658199,Blue/White
17.01.16.H,7229810.669,2686218.808,708.762547,Yellow/White
17.01.16.I,7229781.357,2686218.808,708.858207,Yellow/White
17.01.16.J,7229752.044,2686218.808,708.953871,Yellow/White
17.01.16.K,7229722.731,2686218.808,709.049535,Yellow/White
17.01.16.L,7229693.419,2686218.808,709.145195,Yellow/Orange
17.01.17.A,7230017.086,2686236.808,708.0783,Yellow/Orange
17.01.17.B,7229987.774,2686236.808,708.191691,Yellow/White
17.01.17.C,7229958.461,2686236.808,708.305086,Yellow/White
17.01.17.D,7229929.148,2686236.808,708.418481,Yellow/White
17.01.17.E,7229899.836,2686236.808,708.531872,Yellow/White
17.01.17.F,7229870.523,2686236.808,708.645267,Yellow/White
17.01.17.G,7229842.643,2686236.808,708.753118,Green/White
17.01.17.H,7229810.669,2686236.808,708.876807,Yellow/White
17.01.17.I,7229781.357,2686236.808,708.990198,Yellow/White
17.01.17.J,7229752.044,2686236.808,709.103593,Yellow/White
17.01.17.K,7229722.731,2686236.808,709.216988,Yellow/White
17.01.17.L,7229693.419,2686236.808,709.330379,Yellow/Orange
17.01.18.A,7230017.086,2686254.808,708.0159,Yellow/Black
17.01.18.B,7229987.774,2686254.808,708.143079,Yellow
17.01.18.C,7229958.461,2686254.808,708.270264,Yellow
17.01.18.D,7229929.148,2686254.808,708.397448,Yellow
17.01.18.E,7229899.836,2686254.808,708.524628,Yellow
17.01.18.F,7229870.523,2686254.808,708.651812,Yellow
17.01.18.G,7229842.643,2686254.808,708.772779,Blue
17.01.18.H,7229810.669,2686254.808,708.911509,Yellow
17.01.18.I,7229781.357,2686254.808,709.038689,Yellow
17.01.18.J,7229752.044,2686254.808,709.165873,Yellow
17.01.18.K,7229722.731,2686254.808,709.293057,Yellow
17.01.18.L,7229693.419,2686254.808,709.420237,Yellow/Black
17.01.19.A,7230017.086,2686272.808,707.9725,Yellow/Black
17.01.19.B,7229987.774,2686272.808,708.111721,Yellow
17.01.19.C,7229958.461,2686272.808,708.250946,Yellow
17.01.19.D,7229929.148,2686272.808,708.390171,Yellow
17.01.19.E,7229899.836,2686272.808,708.529392,Yellow
17.01.19.F,7229870.523,2686272.808,708.668617,Yellow
17.01.19.G,7229842.643,2686272.808,708.801036,Blue
17.01.19.H,7229810.669,2686272.808,708.9529,Yellow
17.01.19.I,7229781.357,2686272.808,709.092121,Yellow
17.01.19.J,7229752.044,2686272.808,709.231346,Yellow
17.01.19.K,7229722.731,2686272.808,709.370572,Yellow
17.01.19.L,7229693.419,2686272.808,709.509792,Yellow/Black
17.01.20.A,7230017.086,2686290.808,707.963,Yellow/Black
17.01.20.B,7229987.774,2686290.808,708.116589,Yellow
17.01.20.C,7229958.461,2686290.808,708.270183,Yellow
17.01.20.D,7229929.148,2686290.808,708.423777,Yellow
17.01.20.E,7229899.836,2686290.808,708.577367,Yellow
17.01.20.F,7229870.523,2686290.808,708.730961,Yellow
17.01.20.G,7229842.643,2686290.808,708.877047,Blue
17.01.20.H,7229810.669,2686290.808,709.044584,Yellow
17.01.20.I,7229781.357,2686290.808,709.198173,Yellow
17.01.20.J,7229752.044,2686290.808,709.351768,Yellow
17.01.20.K,7229722.731,2686290.808,709.505362,Yellow
17.01.20.L,7229693.419,2686290.808,709.658951,Yellow/Black
17.01.21.A,7230017.086,2686308.808,707.9205,Yellow/Black
17.01.21.B,7229987.774,2686308.808,708.088061,Yellow
17.01.21.C,7229958.461,2686308.808,708.255628,Yellow
17.01.21.D,7229929.148,2686308.808,708.423195,Yellow
17.01.21.E,7229899.836,2686308.808,708.590756,Yellow
17.01.21.F,7229870.523,2686308.808,708.758323,Yellow
17.01.21.G,7229842.643,2686308.808,708.917698,Blue
17.01.21.H,7229810.669,2686308.808,709.100476,Yellow
17.01.21.I,7229781.357,2686308.808,709.268038,Yellow
17.01.21.J,7229752.044,2686308.808,709.435605,Yellow
17.01.21.K,7229722.731,2686308.808,709.603172,Yellow
17.01.21.L,7229693.419,2686308.808,709.770733,Yellow/Black
17.01.22.A,7230017.086,2686326.808,707.862643,Yellow/Black
17.01.22.B,7229987.774,2686326.808,708.043773,Yellow
17.01.22.C,7229958.461,2686326.808,708.224908,Yellow
17.01.22.D,7229929.148,2686326.808,708.406044,Yellow
17.01.22.E,7229899.836,2686326.808,708.587174,Yellow
17.01.22.F,7229870.523,2686326.808,708.768309,Yellow
17.01.22.G,7229842.643,2686326.808,708.94059,Blue
17.01.22.H,7229810.669,2686326.808,709.138169,Yellow
17.01.22.I,7229781.357,2686326.808,709.319299,Yellow
17.01.22.J,7229752.044,2686326.808,709.500434,Yellow
17.01.22.K,7229722.731,2686326.808,709.68157,Yellow
17.01.22.L,7229693.419,2686326.808,709.8627,Yellow/Black
17.01.23.A,7230017.086,2686344.808,707.8357,Yellow/Black
17.01.23.B,7229987.774,2686344.808,708.01766,Yellow
17.01.23.C,7229958.461,2686344.808,708.199626,Yellow
17.01.23.D,7229929.148,2686344.808,708.381592,Yellow
17.01.23.E,7229899.836,2686344.808,708.563552,Yellow
17.01.23.F,7229870.523,2686344.808,708.745518,Yellow
17.01.23.G,7229842.643,2686344.808,708.918588,Blue
17.01.23.H,7229810.669,2686344.808,709.117073,Yellow
17.01.23.I,7229781.357,2686344.808,709.299033,Yellow
17.01.23.J,7229752.044,2686344.808,709.480999,Yellow
17.01.23.K,7229722.731,2686344.808,709.662965,Yellow
17.01.23.L,7229693.419,2686344.808,709.844925,Yellow/Black
17.01.24.A,7230017.086,2686362.808,707.7932,Yellow/Black
17.01.24.B,7229987.774,2686362.808,707.994635,Yellow
17.01.24.C,7229958.461,2686362.808,708.196078,Yellow
17.01.24.D,7229929.148,2686362.808,708.397521,Yellow
17.01.24.E,7229899.836,2686362.808,708.598956,Yellow
17.01.24.F,7229870.523,2686362.808,708.800399,Yellow
17.01.24.G,7229842.643,2686362.808,708.991994,Blue
17.01.24.H,7229810.669,2686362.808,709.211723,Yellow
17.01.24.I,7229781.357,2686362.808,709.413159,Yellow
17.01.24.J,7229752.044,2686362.808,709.614602,Yellow
17.01.24.K,7229722.731,2686362.808,709.816044,Yellow
17.01.24.L,7229693.419,2686362.808,710.01748,Yellow/Black
17.01.25.A,7230017.086,2686380.808,707.711176,Yellow/Black
17.01.25.B,7229987.774,2686380.808,707.924,Yellow
17.01.25.C,7229958.461,2686380.808,708.136831,Yellow
17.01.25.D,7229929.148,2686380.808,708.349663,Yellow
17.01.25.E,7229899.836,2686380.808,708.562487,Yellow
17.01.25.F,7229870.523,2686380.808,708.775318,Yellow
17.01.25.G,7229842.643,2686380.808,708.977745,Blue
17.01.25.H,7229810.669,2686380.808,709.209897,Yellow
17.01.25.I,7229781.357,2686380.808,709.422721,Yellow
17.01.25.J,7229752.044,2686380.808,709.635552,Yellow
17.01.25.K,7229722.731,2686380.808,709.848384,Yellow
17.01.25.L,7229693.419,2686380.808,710.061208,Yellow/Black
17.01.26.A,7230017.086,2686398.808,707.6648,Yellow/Orange
17.01.26.B,7229987.774,2686398.808,707.886591,Yellow/White
17.01.26.C,7229958.461,2686398.808,708.108389,Yellow/White
17.01.26.D,7229929.148,2686398.808,708.330188,Yellow/White
17.01.26.E,7229899.836,2686398.808,708.551979,Yellow/White
17.01.26.F,7229870.523,2686398.808,708.773777,Yellow/White
17.01.26.G,7229842.643,2686398.808,708.984733,Green/White
17.01.26.H,7229810.669,2686398.808,709.226666,Yellow/White
17.01.26.I,7229781.357,2686398.808,709.448456,Yellow/White
17.01.26.J,7229752.044,2686398.808,709.670255,Yellow/White
17.01.26.K,7229722.731,2686398.808,709.892053,Yellow/White
17.01.26.L,7229693.419,2686398.808,710.113844,Yellow/Orange
17.01.27.A,7230017.086,2686416.808,707.558271,Yellow/Orange
17.01.27.B,7229987.774,2686416.808,707.79312,Yellow/White
17.01.27.C,7229958.461,2686416.808,708.027976,Yellow/White
17.01.27.D,7229929.148,2686416.808,708.262833,Yellow/White
17.01.27.E,7229899.836,2686416.808,708.497681,Yellow/White
17.01.27.F,7229870.523,2686416.808,708.732538,Yellow/White
17.01.27.G,7229842.643,2686416.808,708.955913,Green/White
17.01.27.H,7229810.669,2686416.808,709.21209,Yellow/White
17.01.27.I,7229781.357,2686416.808,709.446938,Yellow/White
17.01.27.J,7229752.044,2686416.808,709.681795,Yellow/White
17.01.27.K,7229722.731,2686416.808,709.916651,Yellow/White
17.01.27.L,7229693.419,2686416.808,710.1515,Yellow/Orange
17.01.28.A,7230017.086,2686434.808,707.430499,Yellow/Orange
17.01.28.B,7229987.774,2686434.808,707.665424,Yellow/White
17.01.28.C,7229958.461,2686434.808,707.900358,Yellow/White
17.01.28.D,7229929.148,2686434.808,708.135292,Yellow/White
17.01.28.E,7229899.836,2686434.808,708.370217,Yellow/White
17.01.28.F,7229870.523,2686434.808,708.605151,Yellow/White
17.01.28.G,7229842.643,2686434.808,708.8286,Blue/White
17.01.28.H,7229810.669,2686434.808,709.084861,Yellow/White
17.01.28.I,7229781.357,2686434.808,709.319786,Yellow/White
17.01.28.J,7229752.044,2686434.808,709.55472,Yellow/White
17.01.28.K,7229722.731,2686434.808,709.789654,Yellow/White
17.01.28.L,7229693.419,2686434.808,710.024579,Yellow/Orange
17.01.29.A,7230017.086,2686452.808,707.43213,Yellow/Orange
17.01.29.B,7229987.774,2686452.808,707.671285,Yellow/White
17.01.29.C,7229958.461,2686452.808,707.910448,Yellow/White
17.01.29.D,7229929.148,2686452.808,708.149611,Yellow/White
17.01.29.E,7229899.836,2686452.808,708.388766,Yellow/White
17.01.29.F,7229870.523,2686452.808,708.627929,Yellow/White
17.01.29.G,7229842.643,2686452.808,708.8554,Blue/White
17.01.29.H,7229810.669,2686452.808,709.116274,Yellow/White
17.01.29.I,7229781.357,2686452.808,709.355429,Yellow/White
17.01.29.J,7229752.044,2686452.808,709.594592,Yellow/White
17.01.29.K,7229722.731,2686452.808,709.833755,Yellow/White
17.01.29.L,7229693.419,2686452.808,710.07291,Yellow/Orange
17.01.30.A,7230017.086,2686470.808,707.366244,Yellow/Orange
17.01.30.B,7229987.774,2686470.808,707.608505,Yellow/White
17.01.30.C,7229958.461,2686470.808,707.850774,Yellow/White
17.01.30.D,7229929.148,2686470.808,708.093044,Yellow/White
17.01.30.E,7229899.836,2686470.808,708.335305,Yellow/White
17.01.30.F,7229870.523,2686470.808,708.577574,Yellow/White
17.01.30.G,7229842.643,2686470.808,708.808,Blue/White
17.01.30.H,7229810.669,2686470.808,709.072262,Yellow/White
17.01.30.I,7229781.357,2686470.808,709.314523,Yellow/White
17.01.30.J,7229752.044,2686470.808,709.556793,Yellow/White
17.01.30.K,7229722.731,2686470.808,709.799062,Yellow/White
17.01.30.L,7229693.419,2686470.808,710.041323,Yellow/Orange
17.01.31.A,7230017.086,2686488.808,707.417184,Yellow/Orange
17.01.31.B,7229987.774,2686488.808,707.6628,Yellow/White
17.01.31.C,7229958.461,2686488.808,707.908424,Yellow/White
17.01.31.D,7229929.148,2686488.808,708.154049,Yellow/White
17.01.31.E,7229899.836,2686488.808,708.399665,Yellow/White
17.01.31.F,7229870.523,2686488.808,708.64529,Yellow/White
17.01.31.G,7229842.643,2686488.808,708.878907,Blue/White
17.01.31.H,7229810.669,2686488.808,709.146829,Yellow/White
17.01.31.I,7229781.357,2686488.808,709.392445,Yellow/White
17.01.31.J,7229752.044,2686488.808,709.63807,Yellow/White
17.01.31.K,7229722.731,2686488.808,709.883695,Yellow/White
17.01.31.L,7229693.419,2686488.808,710.129311,Yellow/Orange
17.01.32.A,7230017.086,2686506.808,707.41204,Yellow/Orange
17.01.32.B,7229987.774,2686506.808,707.650007,Yellow/White
17.01.32.C,7229958.461,2686506.808,707.887982,Yellow/White
17.01.32.D,7229929.148,2686506.808,708.125956,Yellow/White
17.01.32.E,7229899.836,2686506.808,708.363923,Yellow/White
17.01.32.F,7229870.523,2686506.808,708.601898,Yellow/White
17.01.32.G,7229842.643,2686506.808,708.828239,Green/White
17.01.32.H,7229810.669,2686506.808,709.087817,Yellow/White
17.01.32.I,7229781.357,2686506.808,709.325783,Yellow/White
17.01.32.J,7229752.044,2686506.808,709.563758,Yellow/White
17.01.32.K,7229722.731,2686506.808,709.801733,Yellow/White
17.01.32.L,7229693.419,2686506.808,710.0397,Yellow/Orange
17.01.33.A,7230017.086,2686524.808,707.340145,Yellow/Orange
17.01.33.B,7229987.774,2686524.808,707.58412,Yellow/White
17.01.33.C,7229958.461,2686524.808,707.828103,Yellow/White
17.01.33.D,7229929.148,2686524.808,708.072086,Yellow/White
17.01.33.E,7229899.836,2686524.808,708.316061,Yellow/White
17.01.33.F,7229870.523,2686524.808,708.560044,Yellow/White
17.01.33.G,7229842.643,2686524.808,708.7921,Blue/White
17.01.33.H,7229810.669,2686524.808,709.058231,Yellow/White
17.01.33.I,7229781.357,2686524.808,709.302206,Yellow/White
17.01.33.J,7229752.044,2686524.808,709.546189,Yellow/White
17.01.33.K,7229722.731,2686524.808,709.790172,Yellow/White
17.01.33.L,7229693.419,2686524.808,710.034147,Yellow/Orange
17.01.34.A,7230017.086,2686542.808,707.449503,Yellow/Orange
17.01.34.B,7229987.774,2686542.808,707.68293,Yellow/White
17.01.34.C,7229958.461,2686542.808,707.916365,Yellow/White
17.01.34.D,7229929.148,2686542.808,708.1498,Yellow/White
17.01.34.E,7229899.836,2686542.808,708.383227,Yellow/White
17.01.34.F,7229870.523,2686542.808,708.616662,Yellow/White
17.01.34.G,7229842.643,2686542.808,708.838685,Blue/White
17.01.34.H,7229810.669,2686542.808,709.093311,Yellow/White
17.01.34.I,7229781.357,2686542.808,709.326738,Yellow/White
17.01.34.J,7229752.044,2686542.808,709.560173,Yellow/White
17.01.34.K,7229722.731,2686542.808,709.793608,Yellow/White
17.01.34.L,7229693.419,2686542.808,710.027035,Yellow/Orange
17.01.35.A,7230017.086,2686560.808,707.106972,Yellow/Orange
17.01.35.B,7229987.774,2686560.808,707.371731,Yellow/White
17.01.35.C,7229958.461,2686560.808,707.6365,Yellow/White
17.01.35.D,7229929.148,2686560.808,707.901268,Yellow/White
17.01.35.E,7229899.836,2686560.808,708.166027,Yellow/White
17.01.35.F,7229870.523,2686560.808,708.430796,Yellow/White
17.01.35.G,7229842.643,2686560.808,708.68262,Black/White
17.01.35.H,7229810.669,2686560.808,708.971424,Yellow/White
17.01.35.I,7229781.357,2686560.808,709.236183,Yellow/White
17.01.35.J,7229752.044,2686560.808,709.500951,Yellow/White
17.01.35.K,7229722.731,2686560.808,709.76572,Yellow/White
17.01.35.L,7229693.419,2686560.808,710.030479,Yellow/Orange
17.02.01.A,7229668.625,2685948.808,707.536412,Pink/Orange
17.02.01.B,7229639.312,2685948.808,707.393206,Pink/Orange
17.02.01.C,7229609.999,2685948.808,707.25,Pink/White
17.02.01.D,7229580.687,2685948.808,707.106799,Pink/White
17.02.01.E,7229551.374,2685948.808,706.963594,Pink/White
17.02.01.F,7229522.061,2685948.808,706.820388,Pink/White
17.02.01.G,7229494.182,2685948.808,706.684188,Black/White
17.02.01.H,7229462.208,2685948.808,706.527982,Pink/White
17.02.01.I,7229432.895,2685948.808,706.384776,Pink/White
17.02.01.J,7229403.582,2685948.808,706.24157,Pink/White
17.02.01.K,7229374.27,2685948.808,706.098369,Pink/Orange
17.02.01.L,7229344.957,2685948.808,705.955163,Pink/Orange
17.02.02.A,7229668.625,2685966.808,707.686747,Pink/Orange
17.02.02.B,7229639.312,2685966.808,707.546263,Pink/Orange
17.02.02.C,7229609.999,2685966.808,707.405779,Pink/White
17.02.02.D,7229580.687,2685966.808,707.2653,Pink/White
17.02.02.E,7229551.374,2685966.808,707.124816,Pink/White
17.02.02.F,7229522.061,2685966.808,706.984332,Pink/White
17.02.02.G,7229494.182,2685966.808,706.85072,Purple/White
17.02.02.H,7229462.208,2685966.808,706.697483,Pink/White
17.02.02.I,7229432.895,2685966.808,706.556999,Pink/White
17.02.02.J,7229403.582,2685966.808,706.416515,Pink/White
17.02.02.K,7229374.27,2685966.808,706.276036,Pink/Orange
17.02.02.L,7229344.957,2685966.808,706.135551,Pink/Orange
17.02.03.A,7229668.625,2685984.808,707.64292,Yellow/Orange
17.02.03.B,7229639.312,2685984.808,707.51341,Yellow/White
17.02.03.C,7229609.999,2685984.808,707.3839,Yellow/White
17.02.03.D,7229580.687,2685984.808,707.254395,Red/White
17.02.03.E,7229551.374,2685984.808,707.124885,Yellow/White
17.02.03.F,7229522.061,2685984.808,706.995375,Yellow/White
17.02.03.G,7229494.182,2685984.808,706.872201,Blue/White
17.02.03.H,7229462.208,2685984.808,706.730934,Yellow/White
17.02.03.I,7229432.895,2685984.808,706.601425,Yellow/White
17.02.03.J,7229403.582,2685984.808,706.471915,Yellow/White
17.02.03.K,7229374.27,2685984.808,706.342409,Yellow/White
17.02.03.L,7229344.957,2685984.808,706.2129,Yellow/Orange
17.02.04.A,7229668.625,2686002.808,707.8483,Yellow/Orange
17.02.04.B,7229639.312,2686002.808,707.729912,Yellow/White
17.02.04.C,7229609.999,2686002.808,707.611523,Yellow/White
17.02.04.D,7229580.687,2686002.808,707.493139,Red/White
17.02.04.E,7229551.374,2686002.808,707.37475,Yellow/White
17.02.04.F,7229522.061,2686002.808,707.256362,Yellow/White
17.02.04.G,7229494.182,2686002.808,707.143765,Blue/White
17.02.04.H,7229462.208,2686002.808,707.014629,Yellow/White
17.02.04.I,7229432.895,2686002.808,706.896241,Yellow/White
17.02.04.J,7229403.582,2686002.808,706.777852,Yellow/White
17.02.04.K,7229374.27,2686002.808,706.659468,Yellow/White
17.02.04.L,7229344.957,2686002.808,706.541079,Yellow/Orange
17.02.05.A,7229668.625,2686020.808,707.8896,Yellow/Orange
17.02.05.B,7229639.312,2686020.808,707.784274,Yellow/White
17.02.05.C,7229609.999,2686020.808,707.678948,Yellow/White
17.02.05.D,7229580.687,2686020.808,707.573626,Red/White
17.02.05.E,7229551.374,2686020.808,707.4683,Yellow/White
17.02.05.F,7229522.061,2686020.808,707.362974,Yellow/White
17.02.05.G,7229494.182,2686020.808,707.262801,Blue/White
17.02.05.H,7229462.208,2686020.808,707.147914,Yellow/White
17.02.05.I,7229432.895,2686020.808,707.042588,Yellow/White
17.02.05.J,7229403.582,2686020.808,706.937262,Yellow/White
17.02.05.K,7229374.27,2686020.808,706.83194,Yellow/White
17.02.05.L,7229344.957,2686020.808,706.726614,Yellow/Orange
17.02.06.A,7229668.625,2686038.808,708.226608,Yellow/Orange
17.02.06.B,7229639.312,2686038.808,708.14011,Yellow/White
17.02.06.C,7229609.999,2686038.808,708.053611,Yellow/White
17.02.06.D,7229580.687,2686038.808,707.967115,Red/White
17.02.06.E,7229551.374,2686038.808,707.880616,Yellow/White
17.02.06.F,7229522.061,2686038.808,707.794117,Yellow/White
17.02.06.G,7229494.182,2686038.808,707.71185,Blue/White
17.02.06.H,7229462.208,2686038.808,707.617499,Yellow/White
17.02.06.I,7229432.895,2686038.808,707.531,Yellow/White
17.02.06.J,7229403.582,2686038.808,707.444501,Yellow/White
17.02.06.K,7229374.27,2686038.808,707.358005,Yellow/White
17.02.06.L,7229344.957,2686038.808,707.271507,Yellow/Orange
17.02.07.A,7229668.625,2686056.808,708.292324,Yellow/Orange
17.02.07.B,7229639.312,2686056.808,708.214445,Yellow/White
17.02.07.C,7229609.999,2686056.808,708.136565,Yellow/White
17.02.07.D,7229580.687,2686056.808,708.058689,Yellow/White
17.02.07.E,7229551.374,2686056.808,707.98081,Yellow/White
17.02.07.F,7229522.061,2686056.808,707.902931,Yellow/White
17.02.07.G,7229494.182,2686056.808,707.828862,Green/White
17.02.07.H,7229462.208,2686056.808,707.743913,Yellow/White
17.02.07.I,7229432.895,2686056.808,707.666034,Yellow/White
17.02.07.J,7229403.582,2686056.808,707.588155,Yellow/White
17.02.07.K,7229374.27,2686056.808,707.510279,Yellow/White
17.02.07.L,7229344.957,2686056.808,707.4324,Yellow/Orange
17.02.08.A,7229668.625,2686074.808,708.092079,Yellow/Orange
17.02.08.B,7229639.312,2686074.808,708.042986,Yellow/White
17.02.08.C,7229609.999,2686074.808,707.993892,Yellow/White
17.02.08.D,7229580.687,2686074.808,707.9448,Yellow/White
17.02.08.E,7229551.374,2686074.808,707.895707,Yellow/White
17.02.08.F,7229522.061,2686074.808,707.846614,Yellow/White
17.02.08.G,7229494.182,2686074.808,707.799922,Green/White
17.02.08.H,7229462.208,2686074.808,707.746372,Yellow/White
17.02.08.I,7229432.895,2686074.808,707.697279,Yellow/White
17.02.08.J,7229403.582,2686074.808,707.648185,Yellow/White
17.02.08.K,7229374.27,2686074.808,707.599094,Yellow/White
17.02.08.L,7229344.957,2686074.808,707.55,Yellow/Orange
17.02.09.A,7229668.625,2686092.808,708.359953,Yellow/Orange
17.02.09.B,7229639.312,2686092.808,708.310156,Yellow/White
17.02.09.C,7229609.999,2686092.808,708.260358,Yellow/White
17.02.09.D,7229580.687,2686092.808,708.210563,Yellow/White
17.02.09.E,7229551.374,2686092.808,708.160765,Yellow/White
17.02.09.F,7229522.061,2686092.808,708.110968,Yellow/White
17.02.09.G,7229494.182,2686092.808,708.063606,Green/White
17.02.09.H,7229462.208,2686092.808,708.009288,Yellow/White
17.02.09.I,7229432.895,2686092.808,707.95949,Yellow/White
17.02.09.J,7229403.582,2686092.808,707.909693,Yellow/White
17.02.09.K,7229374.27,2686092.808,707.859897,Yellow/White
17.02.09.L,7229344.957,2686092.808,707.8101,Yellow/Orange
17.02.10.A,7229668.625,2686110.808,708.5761,Yellow/Orange
17.02.10.B,7229639.312,2686110.808,708.524647,Yellow/White
17.02.10.C,7229609.999,2686110.808,708.473195,Yellow/White
17.02.10.D,7229580.687,2686110.808,708.421744,Yellow/White
17.02.10.E,7229551.374,2686110.808,708.370292,Yellow/White
17.02.10.F,7229522.061,2686110.808,708.31884,Yellow/White
17.02.10.G,7229494.182,2686110.808,708.269904,Blue/White
17.02.10.H,7229462.208,2686110.808,708.213781,Yellow/White
17.02.10.I,7229432.895,2686110.808,708.162329,Yellow/White
17.02.10.J,7229403.582,2686110.808,708.110876,Yellow/White
17.02.10.K,7229374.27,2686110.808,708.059426,Yellow/White
17.02.10.L,7229344.957,2686110.808,708.007973,Yellow/Orange
17.02.11.A,7229668.625,2686128.808,708.8328,Yellow/Orange
17.02.11.B,7229639.312,2686128.808,708.77782,Yellow/White
17.02.11.C,7229609.999,2686128.808,708.722841,Yellow/White
17.02.11.D,7229580.687,2686128.808,708.667863,Yellow/White
17.02.11.E,7229551.374,2686128.808,708.612884,Yellow/White
17.02.11.F,7229522.061,2686128.808,708.557904,Yellow/White
17.02.11.G,7229494.182,2686128.808,708.505614,Blue/White
17.02.11.H,7229462.208,2686128.808,708.445643,Yellow/White
17.02.11.I,7229432.895,2686128.808,708.390664,Yellow/White
17.02.11.J,7229403.582,2686128.808,708.335684,Yellow/White
17.02.11.K,7229374.27,2686128.808,708.280707,Yellow/White
17.02.11.L,7229344.957,2686128.808,708.225727,Yellow/Orange
17.02.12.A,7229668.625,2686146.808,709.0575,Yellow/Orange
17.02.12.B,7229639.312,2686146.808,708.999647,Yellow/White
17.02.12.C,7229609.999,2686146.808,708.941794,Yellow/White
17.02.12.D,7229580.687,2686146.808,708.883943,Yellow/White
17.02.12.E,7229551.374,2686146.808,708.82609,Yellow/White
17.02.12.F,7229522.061,2686146.808,708.768237,Yellow/White
17.02.12.G,7229494.182,2686146.808,708.713214,Green/White
17.02.12.H,7229462.208,2686146.808,708.65011,Yellow/White
17.02.12.I,7229432.895,2686146.808,708.592257,Yellow/White
17.02.12.J,7229403.582,2686146.808,708.534404,Yellow/White
17.02.12.K,7229374.27,2686146.808,708.476553,Yellow/White
17.02.12.L,7229344.957,2686146.808,708.4187,Yellow/Orange
17.02.13.A,7229668.625,2686164.808,709.0907,Yellow/Orange
17.02.13.B,7229639.312,2686164.808,709.042266,Yellow/White
17.02.13.C,7229609.999,2686164.808,708.993831,Yellow/White
17.02.13.D,7229580.687,2686164.808,708.945398,Yellow/White
17.02.13.E,7229551.374,2686164.808,708.896964,Yellow/White
17.02.13.F,7229522.061,2686164.808,708.84853,Yellow/White
17.02.13.G,7229494.182,2686164.808,708.802465,Green/White
17.02.13.H,7229462.208,2686164.808,708.749633,Yellow/White
17.02.13.I,7229432.895,2686164.808,708.701199,Yellow/White
17.02.13.J,7229403.582,2686164.808,708.652764,Yellow/White
17.02.13.K,7229374.27,2686164.808,708.604332,Red/White
17.02.13.L,7229344.957,2686164.808,708.555897,Yellow/Orange
17.02.14.A,7229668.625,2686182.808,709.252733,Red/Orange
17.02.14.B,7229639.312,2686182.808,709.2162,Yellow/White
17.02.14.C,7229609.999,2686182.808,709.179667,Yellow/White
17.02.14.D,7229580.687,2686182.808,709.143135,Yellow/White
17.02.14.E,7229551.374,2686182.808,709.106602,Yellow/White
17.02.14.F,7229522.061,2686182.808,709.070069,Yellow/White
17.02.14.G,7229494.182,2686182.808,709.035323,Green/White
17.02.14.H,7229462.208,2686182.808,708.995474,Yellow/White
17.02.14.I,7229432.895,2686182.808,708.95894,Yellow/White
17.02.14.J,7229403.582,2686182.808,708.922407,Yellow/White
17.02.14.K,7229374.27,2686182.808,708.885876,Red/White
17.02.14.L,7229344.957,2686182.808,708.849343,Yellow/Orange
17.02.15.A,7229668.625,2686200.808,709.2594,Yellow/Orange
17.02.15.B,7229639.312,2686200.808,709.237931,Yellow/White
17.02.15.C,7229609.999,2686200.808,709.216461,Yellow/White
17.02.15.D,7229580.687,2686200.808,709.194993,Yellow/White
17.02.15.E,7229551.374,2686200.808,709.173523,Yellow/White
17.02.15.F,7229522.061,2686200.808,709.152054,Yellow/White
17.02.15.G,7229494.182,2686200.808,709.131635,Green/White
17.02.15.H,7229462.208,2686200.808,709.108217,Yellow/White
17.02.15.I,7229432.895,2686200.808,709.086747,Yellow/White
17.02.15.J,7229403.582,2686200.808,709.065278,Yellow/White
17.02.15.K,7229374.27,2686200.808,709.043809,Red/White
17.02.15.L,7229344.957,2686200.808,709.02234,Yellow/Orange
17.02.16.A,7229668.625,2686218.808,709.355,Yellow/Orange
17.02.16.B,7229639.312,2686218.808,709.344161,Yellow/White
17.02.16.C,7229609.999,2686218.808,709.333322,Yellow/White
17.02.16.D,7229580.687,2686218.808,709.322483,Yellow/White
17.02.16.E,7229551.374,2686218.808,709.311644,Yellow/White
17.02.16.F,7229522.061,2686218.808,709.300805,Yellow/White
17.02.16.G,7229494.182,2686218.808,709.290496,Green/White
17.02.16.H,7229462.208,2686218.808,709.278673,Yellow/White
17.02.16.I,7229432.895,2686218.808,709.267834,Yellow/White
17.02.16.J,7229403.582,2686218.808,709.256995,Yellow/White
17.02.16.K,7229374.27,2686218.808,709.246156,Red/White
17.02.16.L,7229344.957,2686218.808,709.235317,Yellow/Orange
17.02.17.A,7229668.625,2686236.808,709.5298,Yellow/Orange
17.02.17.B,7229639.312,2686236.808,709.522509,Yellow/White
17.02.17.C,7229609.999,2686236.808,709.515218,Yellow/White
17.02.17.D,7229580.687,2686236.808,709.507928,Yellow/White
17.02.17.E,7229551.374,2686236.808,709.500638,Yellow/White
17.02.17.F,7229522.061,2686236.808,709.493347,Yellow/White
17.02.17.G,7229494.182,2686236.808,709.486413,Blue/White
17.02.17.H,7229462.208,2686236.808,709.478461,Yellow/White
17.02.17.I,7229432.895,2686236.808,709.47117,Yellow/White
17.02.17.J,7229403.582,2686236.808,709.463879,Yellow/White
17.02.17.K,7229374.27,2686236.808,709.456589,Red/White
17.02.17.L,7229344.957,2686236.808,709.449298,Yellow/Orange
17.02.18.A,7229668.625,2686254.808,709.63815,Yellow/Orange
17.02.18.B,7229639.312,2686254.808,709.641243,Yellow/White
17.02.18.C,7229609.999,2686254.808,709.644335,Yellow/White
17.02.18.D,7229580.687,2686254.808,709.647428,Yellow/White
17.02.18.E,7229551.374,2686254.808,709.650521,Yellow/White
17.02.18.F,7229522.061,2686254.808,709.653614,Yellow/White
17.02.18.G,7229494.182,2686254.808,709.656555,Blue/White
17.02.18.H,7229462.208,2686254.808,709.659929,Yellow/White
17.02.18.I,7229432.895,2686254.808,709.663021,Yellow/White
17.02.18.J,7229403.582,2686254.808,709.666114,Yellow/White
17.02.18.K,7229374.27,2686254.808,709.669207,Red/White
17.02.18.L,7229344.957,2686254.808,709.6723,Yellow/Orange
17.02.19.A,7229668.625,2686272.808,709.641036,Yellow/Orange
17.02.19.B,7229639.312,2686272.808,709.662587,Yellow/White
17.02.19.C,7229609.999,2686272.808,709.684139,Yellow/White
17.02.19.D,7229580.687,2686272.808,709.705689,Yellow/White
17.02.19.E,7229551.374,2686272.808,709.72724,Yellow/White
17.02.19.F,7229522.061,2686272.808,709.748791,Yellow/White
17.02.19.G,7229494.182,2686272.808,709.769288,Blue/White
17.02.19.H,7229462.208,2686272.808,709.792796,Yellow/White
17.02.19.I,7229432.895,2686272.808,709.814347,Yellow/White
17.02.19.J,7229403.582,2686272.808,709.835898,Yellow/White
17.02.19.K,7229374.27,2686272.808,709.857449,Red/White
17.02.19.L,7229344.957,2686272.808,709.879,Yellow/Orange
17.02.20.A,7229668.625,2686290.808,709.735171,Yellow/Orange
17.02.20.B,7229639.312,2686290.808,709.767424,Yellow/White
17.02.20.C,7229609.999,2686290.808,709.799676,Yellow/White
17.02.20.D,7229580.687,2686290.808,709.831928,Yellow/White
17.02.20.E,7229551.374,2686290.808,709.864181,Yellow/White
17.02.20.F,7229522.061,2686290.808,709.896434,Yellow/White
17.02.20.G,7229494.182,2686290.808,709.927109,Blue/White
17.02.20.H,7229462.208,2686290.808,709.96229,Yellow/White
17.02.20.I,7229432.895,2686290.808,709.994542,Yellow/White
17.02.20.J,7229403.582,2686290.808,710.026795,Yellow/White
17.02.20.K,7229374.27,2686290.808,710.059047,Red/White
17.02.20.L,7229344.957,2686290.808,710.0913,Yellow/Orange
17.02.21.A,7229668.625,2686308.808,709.819964,Yellow/Orange
17.02.21.B,7229639.312,2686308.808,709.857516,Yellow/White
17.02.21.C,7229609.999,2686308.808,709.895067,Yellow/White
17.02.21.D,7229580.687,2686308.808,709.932617,Yellow/White
17.02.21.E,7229551.374,2686308.808,709.970169,Yellow/White
17.02.21.F,7229522.061,2686308.808,710.00772,Yellow/White
17.02.21.G,7229494.182,2686308.808,710.043435,Blue/White
17.02.21.H,7229462.208,2686308.808,710.084395,Yellow/White
17.02.21.I,7229432.895,2686308.808,710.121947,Yellow/White
17.02.21.J,7229403.582,2686308.808,710.159499,Yellow/White
17.02.21.K,7229374.27,2686308.808,710.197049,Yellow/White
17.02.21.L,7229344.957,2686308.808,710.2346,Yellow/Orange
17.02.22.A,7229668.625,2686326.808,709.844698,Yellow/Orange
17.02.22.B,7229639.312,2686326.808,709.88002,Yellow/White
17.02.22.C,7229609.999,2686326.808,709.915342,Yellow/White
17.02.22.D,7229580.687,2686326.808,709.950662,Yellow/White
17.02.22.E,7229551.374,2686326.808,709.985984,Yellow/White
17.02.22.F,7229522.061,2686326.808,710.021306,Yellow/White
17.02.22.G,7229494.182,2686326.808,710.0549,Blue/White
17.02.22.H,7229462.208,2686326.808,710.093428,Yellow/White
17.02.22.I,7229432.895,2686326.808,710.12875,Yellow/White
17.02.22.J,7229403.582,2686326.808,710.164072,Yellow/White
17.02.22.K,7229374.27,2686326.808,710.199393,Yellow/White
17.02.22.L,7229344.957,2686326.808,710.234715,Yellow/Orange
17.02.23.A,7229668.625,2686344.808,710.0333,Yellow/Orange
17.02.23.B,7229639.312,2686344.808,710.05967,Yellow/White
17.02.23.C,7229609.999,2686344.808,710.08604,Yellow/White
17.02.23.D,7229580.687,2686344.808,710.112409,Yellow/White
17.02.23.E,7229551.374,2686344.808,710.138779,Yellow/White
17.02.23.F,7229522.061,2686344.808,710.165149,Yellow/White
17.02.23.G,7229494.182,2686344.808,710.190229,Green/White
17.02.23.H,7229462.208,2686344.808,710.218993,Yellow/White
17.02.23.I,7229432.895,2686344.808,710.245363,Yellow/White
17.02.23.J,7229403.582,2686344.808,710.271732,Yellow/White
17.02.23.K,7229374.27,2686344.808,710.298102,Yellow/White
17.02.23.L,7229344.957,2686344.808,710.324471,Yellow/Orange
17.02.24.A,7229668.625,2686362.808,709.971948,Yellow/Orange
17.02.24.B,7229639.312,2686362.808,710.004701,Yellow/White
17.02.24.C,7229609.999,2686362.808,710.037455,Yellow/White
17.02.24.D,7229580.687,2686362.808,710.070207,Yellow/White
17.02.24.E,7229551.374,2686362.808,710.102961,Yellow/White
17.02.24.F,7229522.061,2686362.808,710.135715,Yellow/White
17.02.24.G,7229494.182,2686362.808,710.166866,Blue/White
17.02.24.H,7229462.208,2686362.808,710.202593,Yellow/White
17.02.24.I,7229432.895,2686362.808,710.235347,Yellow/White
17.02.24.J,7229403.582,2686362.808,710.2681,Yellow/White
17.02.24.K,7229374.27,2686362.808,710.300853,Yellow/White
17.02.24.L,7229344.957,2686362.808,710.333606,Yellow/Orange
17.02.25.A,7229668.625,2686380.808,710.167394,Yellow/Orange
17.02.25.B,7229639.312,2686380.808,710.182518,Yellow/White
17.02.25.C,7229609.999,2686380.808,710.197643,Yellow/White
17.02.25.D,7229580.687,2686380.808,710.212767,Yellow/White
17.02.25.E,7229551.374,2686380.808,710.227891,Yellow/White
17.02.25.F,7229522.061,2686380.808,710.243015,Yellow/White
17.02.25.G,7229494.182,2686380.808,710.2574,Blue/White
17.02.25.H,7229462.208,2686380.808,710.273897,Yellow/White
17.02.25.I,7229432.895,2686380.808,710.289022,Yellow/White
17.02.25.J,7229403.582,2686380.808,710.304146,Yellow/White
17.02.25.K,7229374.27,2686380.808,710.31927,Yellow/White
17.02.25.L,7229344.957,2686380.808,710.334394,Yellow/Orange
17.02.26.A,7229668.625,2686398.808,710.301542,Yellow/Orange
17.02.26.B,7229639.312,2686398.808,710.3206,Yellow/White
17.02.26.C,7229609.999,2686398.808,710.339658,Yellow/White
17.02.26.D,7229580.687,2686398.808,710.358714,Yellow/White
17.02.26.E,7229551.374,2686398.808,710.377772,Yellow/White
17.02.26.F,7229522.061,2686398.808,710.39683,Yellow/White
17.02.26.G,7229494.182,2686398.808,710.414955,Green/White
17.02.26.H,7229462.208,2686398.808,710.435742,Yellow/White
17.02.26.I,7229432.895,2686398.808,710.4548,Yellow/White
17.02.26.J,7229403.582,2686398.808,710.473857,Yellow/White
17.02.26.K,7229374.27,2686398.808,710.492914,Yellow/White
17.02.26.L,7229344.957,2686398.808,710.511972,Yellow/Orange
17.02.27.A,7229668.625,2686416.808,710.311,Yellow/Orange
17.02.27.B,7229639.312,2686416.808,710.332956,Yellow/White
17.02.27.C,7229609.999,2686416.808,710.354912,Yellow/White
17.02.27.D,7229580.687,2686416.808,710.376867,Yellow/White
17.02.27.E,7229551.374,2686416.808,710.398823,Yellow/White
17.02.27.F,7229522.061,2686416.808,710.420779,Yellow/White
17.02.27.G,7229494.182,2686416.808,710.441661,Green/White
17.02.27.H,7229462.208,2686416.808,710.46561,Yellow/White
17.02.27.I,7229432.895,2686416.808,710.487566,Yellow/White
17.02.27.J,7229403.582,2686416.808,710.509522,Yellow/White
17.02.27.K,7229374.27,2686416.808,710.531477,Yellow/White
17.02.27.L,7229344.957,2686416.808,710.553433,Yellow/Orange
17.02.28.A,7229668.625,2686434.808,710.31557,Yellow/Orange
17.02.28.B,7229639.312,2686434.808,710.328549,Yellow/White
17.02.28.C,7229609.999,2686434.808,710.341528,Yellow/White
17.02.28.D,7229580.687,2686434.808,710.354506,Yellow/White
17.02.28.E,7229551.374,2686434.808,710.367485,Yellow/White
17.02.28.F,7229522.061,2686434.808,710.380463,Yellow/White
17.02.28.G,7229494.182,2686434.808,710.392807,Blue/White
17.02.28.H,7229462.208,2686434.808,710.406964,Yellow/White
17.02.28.I,7229432.895,2686434.808,710.419943,Yellow/White
17.02.28.J,7229403.582,2686434.808,710.432921,Yellow/White
17.02.28.K,7229374.27,2686434.808,710.4459,Yellow/White
17.02.28.L,7229344.957,2686434.808,710.458878,Yellow/Orange
17.02.29.A,7229668.625,2686452.808,710.298519,Yellow/Orange
17.02.29.B,7229639.312,2686452.808,710.318395,Yellow/White
17.02.29.C,7229609.999,2686452.808,710.33827,Yellow/White
17.02.29.D,7229580.687,2686452.808,710.358145,Yellow/White
17.02.29.E,7229551.374,2686452.808,710.378021,Yellow/White
17.02.29.F,7229522.061,2686452.808,710.397897,Yellow/White
17.02.29.G,7229494.182,2686452.808,710.4168,Blue/White
17.02.29.H,7229462.208,2686452.808,710.438481,Yellow/White
17.02.29.I,7229432.895,2686452.808,710.458356,Yellow/White
17.02.29.J,7229403.582,2686452.808,710.478232,Yellow/White
17.02.29.K,7229374.27,2686452.808,710.498107,Yellow/White
17.02.29.L,7229344.957,2686452.808,710.517983,Yellow/Orange
17.02.30.A,7229668.625,2686470.808,710.3278,Yellow/Orange
17.02.30.B,7229639.312,2686470.808,710.367996,Yellow/White
17.02.30.C,7229609.999,2686470.808,710.408192,Yellow/White
17.02.30.D,7229580.687,2686470.808,710.448386,Yellow/White
17.02.30.E,7229551.374,2686470.808,710.488582,Yellow/White
17.02.30.F,7229522.061,2686470.808,710.528778,Yellow/White
17.02.30.G,7229494.182,2686470.808,710.567007,Blue/White
17.02.30.H,7229462.208,2686470.808,710.610852,Yellow/White
17.02.30.I,7229432.895,2686470.808,710.651047,Yellow/White
17.02.30.J,7229403.582,2686470.808,710.691243,Yellow/White
17.02.30.K,7229374.27,2686470.808,710.731437,Yellow/White
17.02.30.L,7229344.957,2686470.808,710.771633,Yellow/Orange
17.02.31.A,7229668.625,2686488.808,710.256513,Yellow/Orange
17.02.31.B,7229639.312,2686488.808,710.302957,Yellow/White
17.02.31.C,7229609.999,2686488.808,710.3494,Yellow/White
17.02.31.D,7229580.687,2686488.808,710.395842,Yellow/White
17.02.31.E,7229551.374,2686488.808,710.442285,Yellow/White
17.02.31.F,7229522.061,2686488.808,710.488729,Yellow/White
17.02.31.G,7229494.182,2686488.808,710.5329,Blue/White
17.02.31.H,7229462.208,2686488.808,710.58356,Yellow/White
17.02.31.I,7229432.895,2686488.808,710.630003,Yellow/White
17.02.31.J,7229403.582,2686488.808,710.676447,Yellow/White
17.02.31.K,7229374.27,2686488.808,710.722889,Yellow/White
17.02.31.L,7229344.957,2686488.808,710.769332,Yellow/Orange
17.02.32.A,7229668.625,2686506.808,710.252045,Yellow/Orange
17.02.32.B,7229639.312,2686506.808,710.30754,Yellow/White
17.02.32.C,7229609.999,2686506.808,710.363035,Yellow/White
17.02.32.D,7229580.687,2686506.808,710.418529,Yellow/White
17.02.32.E,7229551.374,2686506.808,710.474024,Yellow/White
17.02.32.F,7229522.061,2686506.808,710.529519,Yellow/White
17.02.32.G,7229494.182,2686506.808,710.5823,Blue/White
17.02.32.H,7229462.208,2686506.808,710.642833,Yellow/White
17.02.32.I,7229432.895,2686506.808,710.698329,Yellow/White
17.02.32.J,7229403.582,2686506.808,710.753824,Yellow/White
17.02.32.K,7229374.27,2686506.808,710.809317,Yellow/White
17.02.32.L,7229344.957,2686506.808,710.864813,Yellow/Orange
17.02.33.A,7229668.625,2686524.808,710.240018,Yellow/Orange
17.02.33.B,7229639.312,2686524.808,710.305449,Yellow/White
17.02.33.C,7229609.999,2686524.808,710.37088,Yellow/White
17.02.33.D,7229580.687,2686524.808,710.436308,Yellow/White
17.02.33.E,7229551.374,2686524.808,710.501739,Yellow/White
17.02.33.F,7229522.061,2686524.808,710.56717,Yellow/White
17.02.33.G,7229494.182,2686524.808,710.6294,Blue/White
17.02.33.H,7229462.208,2686524.808,710.70077,Yellow/White
17.02.33.I,7229432.895,2686524.808,710.766201,Yellow/White
17.02.33.J,7229403.582,2686524.808,710.831632,Yellow/White
17.02.33.K,7229374.27,2686524.808,710.89706,Yellow/White
17.02.33.L,7229344.957,2686524.808,710.962491,Yellow/Orange
17.02.34.A,7229668.625,2686542.808,710.1541,Yellow/Orange
17.02.34.B,7229639.312,2686542.808,710.217563,Yellow/White
17.02.34.C,7229609.999,2686542.808,710.281026,Yellow/White
17.02.34.D,7229580.687,2686542.808,710.344487,Yellow/White
17.02.34.E,7229551.374,2686542.808,710.40795,Yellow/White
17.02.34.F,7229522.061,2686542.808,710.471413,Yellow/White
17.02.34.G,7229494.182,2686542.808,710.531771,Blue/White
17.02.34.H,7229462.208,2686542.808,710.600995,Yellow/White
17.02.34.I,7229432.895,2686542.808,710.664458,Yellow/White
17.02.34.J,7229403.582,2686542.808,710.727921,Yellow/White
17.02.34.K,7229374.27,2686542.808,710.791382,Yellow/White
17.02.34.L,7229344.957,2686542.808,710.854844,Yellow/Orange
17.02.35.A,7229668.625,2686560.808,709.974231,Yellow/Orange
17.02.35.B,7229639.312,2686560.808,710.0481,Yellow/White
17.02.35.C,7229609.999,2686560.808,710.121969,Yellow/White
17.02.35.D,7229580.687,2686560.808,710.195836,Yellow/White
17.02.35.E,7229551.374,2686560.808,710.269705,Yellow/White
17.02.35.F,7229522.061,2686560.808,710.343574,Yellow/White
17.02.35.G,7229494.182,2686560.808,710.413829,Black/White
17.02.35.H,7229462.208,2686560.808,710.494404,Yellow/White
17.02.35.I,7229432.895,2686560.808,710.568273,Yellow/White
17.02.35.J,7229403.582,2686560.808,710.642142,Yellow/White
17.02.35.K,7229374.27,2686560.808,710.716008,Yellow/White
17.02.35.L,7229344.957,2686560.808,710.789877,Yellow/Orange
17.03.01.A,7229312.163,2685948.808,705.69152,Pink/Orange
17.03.01.B,7229282.85,2685948.808,705.432388,Pink/Orange
17.03.01.C,7229253.538,2685948.808,705.173265,Pink/White
17.03.01.D,7229224.225,2685948.808,704.914133,Pink/White
17.03.01.E,7229194.912,2685948.808,704.655,Pink/White
17.03.01.F,7229162.938,2685948.808,704.372345,Black/White
17.03.01.G,7229135.059,2685948.808,704.125889,Pink/White
17.03.01.H,7229105.746,2685948.808,703.866757,Pink/White
17.03.01.I,7229076.433,2685948.808,703.607625,Pink/White
17.03.01.J,7229047.121,2685948.808,703.348502,Pink/White
17.03.01.K,7229017.808,2685948.808,703.08937,Pink/Orange
17.03.01.L,7228988.495,2685948.808,702.830237,Pink/Orange
17.03.02.A,7229312.163,2685966.808,705.895443,Pink/Orange
17.03.02.B,7229282.85,2685966.808,705.64138,Pink/Orange
17.03.02.C,7229253.538,2685966.808,705.387326,Pink/White
17.03.02.D,7229224.225,2685966.808,705.133263,Pink/White
17.03.02.E,7229194.912,2685966.808,704.8792,Pink/White
17.03.02.F,7229162.938,2685966.808,704.602074,Purple/White
17.03.02.G,7229135.059,2685966.808,704.36044,Pink/White
17.03.02.H,7229105.746,2685966.808,704.106377,Pink/White
17.03.02.I,7229076.433,2685966.808,703.852314,Pink/White
17.03.02.J,7229047.121,2685966.808,703.59826,Pink/White
17.03.02.K,7229017.808,2685966.808,703.344197,Pink/Orange
17.03.02.L,7228988.495,2685966.808,703.090134,Pink/Orange
17.03.03.A,7229312.163,2685984.808,705.772905,Yellow/Orange
17.03.03.B,7229282.85,2685984.808,705.49487,Yellow/White
17.03.03.C,7229253.538,2685984.808,705.216845,Yellow/White
17.03.03.D,7229224.225,2685984.808,704.938809,Yellow/White
17.03.03.E,7229194.912,2685984.808,704.660774,Yellow/White
17.03.03.F,7229162.938,2685984.808,704.357499,Green/White
17.03.03.G,7229135.059,2685984.808,704.093066,Yellow/White
17.03.03.H,7229105.746,2685984.808,703.815031,Yellow/White
17.03.03.I,7229076.433,2685984.808,703.536996,Yellow/White
17.03.03.J,7229047.121,2685984.808,703.25897,Yellow/White
17.03.03.K,7229017.808,2685984.808,702.980935,Yellow/White
17.03.03.L,7228988.495,2685984.808,702.7029,Yellow/Orange
17.03.04.A,7229312.163,2686002.808,706.19898,Yellow/Orange
17.03.04.B,7229282.85,2686002.808,705.914617,Yellow/White
17.03.04.C,7229253.538,2686002.808,705.630263,Yellow/White
17.03.04.D,7229224.225,2686002.808,705.3459,Yellow/White
17.03.04.E,7229194.912,2686002.808,705.061537,Yellow/White
17.03.04.F,7229162.938,2686002.808,704.751359,Green/White
17.03.04.G,7229135.059,2686002.808,704.480907,Yellow/White
17.03.04.H,7229105.746,2686002.808,704.196544,Yellow/White
17.03.04.I,7229076.433,2686002.808,703.91218,Yellow/White
17.03.04.J,7229047.121,2686002.808,703.627827,Yellow/White
17.03.04.K,7229017.808,2686002.808,703.343464,Yellow/White
17.03.04.L,7228988.495,2686002.808,703.0591,Yellow/Orange
17.03.05.A,7229312.163,2686020.808,706.408833,Yellow/Orange
17.03.05.B,7229282.85,2686020.808,706.127101,Yellow/White
17.03.05.C,7229253.538,2686020.808,705.845378,Yellow/White
17.03.05.D,7229224.225,2686020.808,705.563645,Yellow/White
17.03.05.E,7229194.912,2686020.808,705.281912,Yellow/White
17.03.05.F,7229162.938,2686020.808,704.974604,Green/White
17.03.05.G,7229135.059,2686020.808,704.706654,Yellow/White
17.03.05.H,7229105.746,2686020.808,704.424921,Yellow/White
17.03.05.I,7229076.433,2686020.808,704.143188,Yellow/White
17.03.05.J,7229047.121,2686020.808,703.861465,Yellow/White
17.03.05.K,7229017.808,2686020.808,703.579732,Yellow/White
17.03.05.L,7228988.495,2686020.808,703.298,Yellow/Orange
17.03.06.A,7229312.163,2686038.808,706.96047,Yellow/Orange
17.03.06.B,7229282.85,2686038.808,706.651625,Yellow/White
17.03.06.C,7229253.538,2686038.808,706.34279,Yellow/White
17.03.06.D,7229224.225,2686038.808,706.033945,Yellow/White
17.03.06.E,7229194.912,2686038.808,705.7251,Yellow/White
17.03.06.F,7229162.938,2686038.808,705.388218,Green/White
17.03.06.G,7229135.059,2686038.808,705.094481,Yellow/White
17.03.06.H,7229105.746,2686038.808,704.785636,Yellow/White
17.03.06.I,7229076.433,2686038.808,704.47679,Yellow/White
17.03.06.J,7229047.121,2686038.808,704.167955,Yellow/White
17.03.06.K,7229017.808,2686038.808,703.85911,Yellow/White
17.03.06.L,7228988.495,2686038.808,703.550265,Red/Orange
17.03.07.A,7229312.163,2686056.808,707.13608,Yellow/Orange
17.03.07.B,7229282.85,2686056.808,706.814283,Yellow/White
17.03.07.C,7229253.538,2686056.808,706.492497,Yellow/White
17.03.07.D,7229224.225,2686056.808,706.1707,Yellow/White
17.03.07.E,7229194.912,2686056.808,705.848903,Yellow/White
17.03.07.F,7229162.938,2686056.808,705.497894,Green/White
17.03.07.G,7229135.059,2686056.808,705.191839,Yellow/White
17.03.07.H,7229105.746,2686056.808,704.870042,Yellow/White
17.03.07.I,7229076.433,2686056.808,704.548245,Yellow/White
17.03.07.J,7229047.121,2686056.808,704.226459,Yellow/White
17.03.07.K,7229017.808,2686056.808,703.904662,Yellow/White
17.03.07.L,7228988.495,2686056.808,703.582865,Red/Orange
17.03.08.A,7229312.163,2686074.808,707.217055,Yellow/Orange
17.03.08.B,7229282.85,2686074.808,706.87712,Yellow/White
17.03.08.C,7229253.538,2686074.808,706.537197,Yellow/White
17.03.08.D,7229224.225,2686074.808,706.197262,Yellow/White
17.03.08.E,7229194.912,2686074.808,705.857327,Yellow/White
17.03.08.F,7229162.938,2686074.808,705.486533,Green/White
17.03.08.G,7229135.059,2686074.808,705.163228,Yellow/White
17.03.08.H,7229105.746,2686074.808,704.823293,Yellow/White
17.03.08.I,7229076.433,2686074.808,704.483358,Yellow/White
17.03.08.J,7229047.121,2686074.808,704.143435,Yellow/White
17.03.08.K,7229017.808,2686074.808,703.8035,Yellow/White
17.03.08.L,7228988.495,2686074.808,703.463565,Red/Orange
17.03.09.A,7229312.163,2686092.808,707.398775,Yellow/Orange
17.03.09.B,7229282.85,2686092.808,707.053046,Yellow/White
17.03.09.C,7229253.538,2686092.808,706.707328,Yellow/White
17.03.09.D,7229224.225,2686092.808,706.361598,Yellow/White
17.03.09.E,7229194.912,2686092.808,706.015868,Yellow/White
17.03.09.F,7229162.938,2686092.808,705.638754,Blue/White
17.03.09.G,7229135.059,2686092.808,705.309937,Yellow/White
17.03.09.H,7229105.746,2686092.808,704.964207,Yellow/White
17.03.09.I,7229076.433,2686092.808,704.618478,Yellow/White
17.03.09.J,7229047.121,2686092.808,704.27276,Yellow/White
17.03.09.K,7229017.808,2686092.808,703.92703,Yellow/White
17.03.09.L,7228988.495,2686092.808,703.5813,Yellow/Orange
17.03.10.A,7229312.163,2686110.808,707.574485,Yellow/Orange
17.03.10.B,7229282.85,2686110.808,707.235891,Yellow/White
17.03.10.C,7229253.538,2686110.808,706.897308,Yellow/White
17.03.10.D,7229224.225,2686110.808,706.558714,Yellow/White
17.03.10.E,7229194.912,2686110.808,706.22012,Yellow/White
17.03.10.F,7229162.938,2686110.808,705.850789,Blue/White
17.03.10.G,7229135.059,2686110.808,705.528759,Yellow/White
17.03.10.H,7229105.746,2686110.808,705.190165,Yellow/White
17.03.10.I,7229076.433,2686110.808,704.851571,Yellow/White
17.03.10.J,7229047.121,2686110.808,704.512988,Yellow/White
17.03.10.K,7229017.808,2686110.808,704.174394,Yellow/White
17.03.10.L,7228988.495,2686110.808,703.8358,Yellow/Orange
17.03.11.A,7229312.163,2686128.808,707.855555,Yellow/Orange
17.03.11.B,7229282.85,2686128.808,707.509058,Yellow/White
17.03.11.C,7229253.538,2686128.808,707.162572,Yellow/White
17.03.11.D,7229224.225,2686128.808,706.816074,Yellow/White
17.03.11.E,7229194.912,2686128.808,706.469576,Yellow/White
17.03.11.F,7229162.938,2686128.808,706.091624,Blue/White
17.03.11.G,7229135.059,2686128.808,705.762077,Yellow/White
17.03.11.H,7229105.746,2686128.808,705.415579,Yellow/White
17.03.11.I,7229076.433,2686128.808,705.069082,Yellow/White
17.03.11.J,7229047.121,2686128.808,704.722596,Yellow/White
17.03.11.K,7229017.808,2686128.808,704.376098,Yellow/White
17.03.11.L,7228988.495,2686128.808,704.0296,Yellow/Orange
17.03.12.A,7229312.163,2686146.808,708.102013,Yellow/Orange
17.03.12.B,7229282.85,2686146.808,707.759572,Yellow/White
17.03.12.C,7229253.538,2686146.808,707.417142,Yellow/White
17.03.12.D,7229224.225,2686146.808,707.0747,Yellow/White
17.03.12.E,7229194.912,2686146.808,706.732258,Yellow/White
17.03.12.F,7229162.938,2686146.808,706.35873,Blue/White
17.03.12.G,7229135.059,2686146.808,706.033041,Yellow/White
17.03.12.H,7229105.746,2686146.808,705.690599,Yellow/White
17.03.12.I,7229076.433,2686146.808,705.348158,Yellow/White
17.03.12.J,7229047.121,2686146.808,705.005728,Yellow/White
17.03.12.K,7229017.808,2686146.808,704.663286,Yellow/White
17.03.12.L,7228988.495,2686146.808,704.320844,Yellow/Orange
17.03.13.A,7229312.163,2686164.808,708.767931,Pink/Orange
17.03.13.B,7229282.85,2686164.808,708.407878,Pink/Orange
17.03.13.C,7229253.538,2686164.808,708.047837,Pink/White
17.03.13.D,7229224.225,2686164.808,707.687784,Pink/White
17.03.13.E,7229194.912,2686164.808,707.327731,Pink/White
17.03.13.F,7229162.938,2686164.808,706.934992,Purple/White
17.03.13.G,7229135.059,2686164.808,706.592553,Pink/White
17.03.13.H,7229105.746,2686164.808,706.2325,Pink/White
17.03.13.I,7229076.433,2686164.808,705.872447,Pink/White
17.03.13.J,7229047.121,2686164.808,705.512406,Pink/White
17.03.13.K,7229017.808,2686164.808,705.152353,Pink/Orange
17.03.13.L,7228988.495,2686164.808,704.7923,Pink/Orange
17.03.14.A,7229312.163,2686182.808,708.870716,Pink/Orange
17.03.14.B,7229282.85,2686182.808,708.521596,Pink/Orange
17.03.14.C,7229253.538,2686182.808,708.172487,Pink/White
17.03.14.D,7229224.225,2686182.808,707.823366,Pink/White
17.03.14.E,7229194.912,2686182.808,707.474246,Pink/White
17.03.14.F,7229162.938,2686182.808,707.093433,Purple/White
17.03.14.G,7229135.059,2686182.808,706.761391,Pink/White
17.03.14.H,7229105.746,2686182.808,706.41227,Pink/White
17.03.14.I,7229076.433,2686182.808,706.06315,Pink/White
17.03.14.J,7229047.121,2686182.808,705.714041,Pink/White
17.03.14.K,7229017.808,2686182.808,705.364921,Pink/Orange
17.03.14.L,7228988.495,2686182.808,705.0158,Pink/Orange
17.03.15.C1,7229241.254,2686200.808,708.052917,Yellow/Orange
17.03.15.D1,7229216.036,2686200.808,707.736891,Red/White
17.03.15.E1,7229190.818,2686200.808,707.420865,Yellow/White
17.03.15.F,7229162.938,2686200.808,707.07148,Blue/White
17.03.15.G,7229135.059,2686200.808,706.722106,Yellow/White
17.03.15.H,7229105.746,2686200.808,706.354763,Yellow/White
17.03.15.I,7229076.433,2686200.808,705.987419,Yellow/White
17.03.15.J,7229047.121,2686200.808,705.620088,Yellow/White
17.03.15.K,7229017.808,2686200.808,705.252744,Yellow/White
17.03.15.L,7228988.495,2686200.808,704.8854,Yellow/Orange
17.03.16.C1,7229241.254,2686218.808,708.256348,Yellow/Orange
17.03.16.D1,7229216.036,2686218.808,707.926331,Red/White
17.03.16.E1,7229190.818,2686218.808,707.596314,Yellow/White
17.03.16.F,7229162.938,2686218.808,707.23146,Blue/White
17.03.16.G,7229135.059,2686218.808,706.86662,Yellow/White
17.03.16.H,7229105.746,2686218.808,706.483013,Yellow/White
17.03.16.I,7229076.433,2686218.808,706.099406,Yellow/White
17.03.16.J,7229047.121,2686218.808,705.715813,Yellow/White
17.03.16.K,7229017.808,2686218.808,705.332206,Yellow/White
17.03.16.L,7228988.495,2686218.808,704.9486,Yellow/Orange
17.03.17.C1,7229241.254,2686236.808,708.563931,Yellow/Orange
17.03.17.D1,7229216.036,2686236.808,708.220906,Red/White
17.03.17.E1,7229190.818,2686236.808,707.87788,Yellow/White
17.03.17.F,7229162.938,2686236.808,707.498645,Green/White
17.03.17.G,7229135.059,2686236.808,707.119423,Yellow/White
17.03.17.H,7229105.746,2686236.808,706.720696,Yellow/White
17.03.17.I,7229076.433,2686236.808,706.321969,Yellow/White
17.03.17.J,7229047.121,2686236.808,705.923255,Yellow/White
17.03.17.K,7229017.808,2686236.808,705.524527,Yellow/White
17.03.17.L,7228988.495,2686236.808,705.1258,Yellow/Orange
17.03.18.C1,7229241.254,2686254.808,708.73734,Yellow/Orange
17.03.18.D1,7229216.036,2686254.808,708.387639,Red/White
17.03.18.E1,7229190.818,2686254.808,708.037938,Yellow/White
17.03.18.F,7229162.938,2686254.808,707.651323,Green/White
17.03.18.G,7229135.059,2686254.808,707.264721,Yellow/White
17.03.18.H,7229105.746,2686254.808,706.858234,Yellow/White
17.03.18.I,7229076.433,2686254.808,706.451747,Yellow/White
17.03.18.J,7229047.121,2686254.808,706.045274,Yellow/White
17.03.18.K,7229017.808,2686254.808,705.638787,Yellow/White
17.03.18.L,7228988.495,2686254.808,705.2323,Yellow/Orange
17.03.19.A,7229312.163,2686272.808,710.0901,Pink/Orange
17.03.19.B,7229282.85,2686272.808,709.706942,Pink/Orange
17.03.19.C,7229253.538,2686272.808,709.323798,Pink/White
17.03.19.D,7229224.225,2686272.808,708.94064,Pink/White
17.03.19.E,7229194.912,2686272.808,708.557482,Pink/White
17.03.19.F,7229162.938,2686272.808,708.139542,Purple/White
17.03.19.G,7229135.059,2686272.808,707.775128,Pink/White
17.03.19.H,7229105.746,2686272.808,707.391971,Pink/White
17.03.19.I,7229076.433,2686272.808,707.008813,Pink/White
17.03.19.J,7229047.121,2686272.808,706.625668,Pink/White
17.03.19.K,7229017.808,2686272.808,706.242511,Pink/Orange
17.03.19.L,7228988.495,2686272.808,705.859353,Pink/Orange
17.03.20.A,7229312.163,2686290.808,710.3149,Pink/Orange
17.03.20.B,7229282.85,2686290.808,709.927543,Pink/Orange
17.03.20.C,7229253.538,2686290.808,709.540199,Pink/White
17.03.20.D,7229224.225,2686290.808,709.152842,Pink/White
17.03.20.E,7229194.912,2686290.808,708.765485,Pink/White
17.03.20.F,7229162.938,2686290.808,708.342964,Purple/White
17.03.20.G,7229135.059,2686290.808,707.974556,Pink/White
17.03.20.H,7229105.746,2686290.808,707.587199,Pink/White
17.03.20.I,7229076.433,2686290.808,707.199842,Pink/White
17.03.20.J,7229047.121,2686290.808,706.812498,Pink/White
17.03.20.K,7229017.808,2686290.808,706.425141,Pink/Orange
17.03.20.L,7228988.495,2686290.808,706.037784,Pink/Orange
17.03.21.A,7229312.163,2686308.808,710.001738,Yellow/Orange
17.03.21.B,7229282.85,2686308.808,709.625555,Yellow/White
17.03.21.C,7229253.538,2686308.808,709.249384,Yellow/White
17.03.21.D,7229224.225,2686308.808,708.873201,Yellow/White
17.03.21.E,7229194.912,2686308.808,708.497017,Yellow/White
17.03.21.F,7229162.938,2686308.808,708.086684,Blue/White
17.03.21.G,7229135.059,2686308.808,707.728904,Yellow/White
17.03.21.H,7229105.746,2686308.808,707.352721,Yellow/White
17.03.21.I,7229076.433,2686308.808,706.976537,Yellow/White
17.03.21.J,7229047.121,2686308.808,706.600367,Yellow/White
17.03.21.K,7229017.808,2686308.808,706.224183,Yellow/White
17.03.21.L,7228988.495,2686308.808,705.848,Yellow/Orange
17.03.22.A,7229312.163,2686326.808,710.223498,Yellow/Orange
17.03.22.B,7229282.85,2686326.808,709.852671,Yellow/White
17.03.22.C,7229253.538,2686326.808,709.481856,Yellow/White
17.03.22.D,7229224.225,2686326.808,709.111029,Yellow/White
17.03.22.E,7229194.912,2686326.808,708.740201,Yellow/White
17.03.22.F,7229162.938,2686326.808,708.33571,Green/White
17.03.22.G,7229135.059,2686326.808,707.983024,Yellow/White
17.03.22.H,7229105.746,2686326.808,707.612197,Yellow/White
17.03.22.I,7229076.433,2686326.808,707.241369,Yellow/White
17.03.22.J,7229047.121,2686326.808,706.870554,Yellow/White
17.03.22.K,7229017.808,2686326.808,706.499727,Yellow/White
17.03.22.L,7228988.495,2686326.808,706.1289,Yellow/Orange
17.03.23.A,7229312.163,2686344.808,710.3834,Yellow/Orange
17.03.23.B,7229282.85,2686344.808,710.023816,Yellow/White
17.03.23.C,7229253.538,2686344.808,709.664244,Yellow/White
17.03.23.D,7229224.225,2686344.808,709.30466,Yellow/White
17.03.23.E,7229194.912,2686344.808,708.945076,Yellow/White
17.03.23.F,7229162.938,2686344.808,708.55285,Blue/White
17.03.23.G,7229135.059,2686344.808,708.210857,Yellow/White
17.03.23.H,7229105.746,2686344.808,707.851273,Yellow/White
17.03.23.I,7229076.433,2686344.808,707.491689,Yellow/White
17.03.23.J,7229047.121,2686344.808,707.132118,Yellow/White
17.03.23.K,7229017.808,2686344.808,706.772534,Yellow/White
17.03.23.L,7228988.495,2686344.808,706.41295,Yellow/Orange
17.03.24.A,7229312.163,2686362.808,710.606599,Yellow/Orange
17.03.24.B,7229282.85,2686362.808,710.266718,Yellow/White
17.03.24.C,7229253.538,2686362.808,709.926848,Yellow/White
17.03.24.D,7229224.225,2686362.808,709.586967,Yellow/White
17.03.24.E,7229194.912,2686362.808,709.247085,Yellow/White
17.03.24.F,7229162.938,2686362.808,708.87635,Green/White
17.03.24.G,7229135.059,2686362.808,708.553095,Yellow/White
17.03.24.H,7229105.746,2686362.808,708.213214,Yellow/White
17.03.24.I,7229076.433,2686362.808,707.873333,Yellow/White
17.03.24.J,7229047.121,2686362.808,707.533463,Yellow/White
17.03.24.K,7229017.808,2686362.808,707.193581,Yellow/White
17.03.24.L,7228988.495,2686362.808,706.8537,Yellow/Orange
17.03.25.A,7229312.163,2686380.808,710.6486,Yellow/Orange
17.03.25.B,7229282.85,2686380.808,710.314218,Yellow/White
17.03.25.C,7229253.538,2686380.808,709.979847,Yellow/White
17.03.25.D,7229224.225,2686380.808,709.645464,Yellow/White
17.03.25.E,7229194.912,2686380.808,709.311082,Yellow/White
17.03.25.F,7229162.938,2686380.808,708.946345,Blue/White
17.03.25.G,7229135.059,2686380.808,708.628321,Yellow/White
17.03.25.H,7229105.746,2686380.808,708.293939,Yellow/White
17.03.25.I,7229076.433,2686380.808,707.959556,Yellow/White
17.03.25.J,7229047.121,2686380.808,707.625185,Yellow/White
17.03.25.K,7229017.808,2686380.808,707.290803,Yellow/White
17.03.25.L,7228988.495,2686380.808,706.956421,Yellow/Orange
17.03.26.A,7229312.163,2686398.808,710.7009,Yellow/Orange
17.03.26.B,7229282.85,2686398.808,710.374532,Yellow/White
17.03.26.C,7229253.538,2686398.808,710.048174,Yellow/White
17.03.26.D,7229224.225,2686398.808,709.721806,Yellow/White
17.03.26.E,7229194.912,2686398.808,709.395437,Yellow/White
17.03.26.F,7229162.938,2686398.808,709.039441,Blue/White
17.03.26.G,7229135.059,2686398.808,708.729038,Yellow/White
17.03.26.H,7229105.746,2686398.808,708.40267,Yellow/White
17.03.26.I,7229076.433,2686398.808,708.076301,Yellow/White
17.03.26.J,7229047.121,2686398.808,707.749944,Yellow/White
17.03.26.K,7229017.808,2686398.808,707.423575,Yellow/White
17.03.26.L,7228988.495,2686398.808,707.097206,Yellow/Orange
17.03.27.A,7229312.163,2686416.808,710.6953,Yellow/Orange
17.03.27.B,7229282.85,2686416.808,710.386956,Yellow/White
17.03.27.C,7229253.538,2686416.808,710.078623,Yellow/White
17.03.27.D,7229224.225,2686416.808,709.77028,Yellow/White
17.03.27.E,7229194.912,2686416.808,709.461936,Yellow/White
17.03.27.F,7229162.938,2686416.808,709.125602,Blue/White
17.03.27.G,7229135.059,2686416.808,708.832343,Yellow/White
17.03.27.H,7229105.746,2686416.808,708.523999,Yellow/White
17.03.27.I,7229076.433,2686416.808,708.215656,Yellow/White
17.03.27.J,7229047.121,2686416.808,707.907323,Yellow/White
17.03.27.K,7229017.808,2686416.808,707.59898,Yellow/White
17.03.27.L,7228988.495,2686416.808,707.290636,Yellow/Orange
17.03.28.A,7229312.163,2686434.808,710.6962,Yellow/Orange
17.03.28.B,7229282.85,2686434.808,710.400101,Yellow/White
17.03.28.C,7229253.538,2686434.808,710.104013,Yellow/White
17.03.28.D,7229224.225,2686434.808,709.807915,Yellow/White
17.03.28.E,7229194.912,2686434.808,709.511816,Yellow/White
17.03.28.F,7229162.938,2686434.808,709.188838,Blue/White
17.03.28.G,7229135.059,2686434.808,708.907225,Yellow/White
17.03.28.H,7229105.746,2686434.808,708.611127,Yellow/White
17.03.28.I,7229076.433,2686434.808,708.315028,Yellow/White
17.03.28.J,7229047.121,2686434.808,708.01894,Yellow/White
17.03.28.K,7229017.808,2686434.808,707.722841,Yellow/White
17.03.28.L,7228988.495,2686434.808,707.426743,Yellow/Orange
17.03.29.A,7229312.163,2686452.808,710.996234,Red/Orange
17.03.29.B,7229282.85,2686452.808,710.713851,Yellow/White
17.03.29.C,7229253.538,2686452.808,710.431477,Yellow/White
17.03.29.D,7229224.225,2686452.808,710.149094,Yellow/White
17.03.29.E,7229194.912,2686452.808,709.866711,Yellow/White
17.03.29.F,7229162.938,2686452.808,709.558693,Blue/White
17.03.29.G,7229135.059,2686452.808,709.290124,Yellow/White
17.03.29.H,7229105.746,2686452.808,709.007741,Yellow/White
17.03.29.I,7229076.433,2686452.808,708.725357,Yellow/White
17.03.29.J,7229047.121,2686452.808,708.442984,Yellow/White
17.03.29.K,7229017.808,2686452.808,708.1606,Yellow/White
17.03.29.L,7228988.495,2686452.808,707.878217,Yellow/Orange
17.03.30.A,7229312.163,2686470.808,710.910889,Red/Orange
17.03.30.B,7229282.85,2686470.808,710.647536,Yellow/White
17.03.30.C,7229253.538,2686470.808,710.384192,Yellow/White
17.03.30.D,7229224.225,2686470.808,710.120839,Yellow/White
17.03.30.E,7229194.912,2686470.808,709.857486,Yellow/White
17.03.30.F,7229162.938,2686470.808,709.570226,Blue/White
17.03.30.G,7229135.059,2686470.808,709.319756,Yellow/White
17.03.30.H,7229105.746,2686470.808,709.056403,Yellow/White
17.03.30.I,7229076.433,2686470.808,708.79305,Yellow/White
17.03.30.J,7229047.121,2686470.808,708.529706,Yellow/White
17.03.30.K,7229017.808,2686470.808,708.266353,Yellow/White
17.03.30.L,7228988.495,2686470.808,708.003,Yellow/Orange
17.03.31.A,7229312.163,2686488.808,710.7508,Yellow/Orange
17.03.31.B,7229282.85,2686488.808,710.502549,Yellow/White
17.03.31.C,7229253.538,2686488.808,710.254307,Yellow/White
17.03.31.D,7229224.225,2686488.808,710.006056,Yellow/White
17.03.31.E,7229194.912,2686488.808,709.757805,Yellow/White
17.03.31.F,7229162.938,2686488.808,709.487018,Blue/White
17.03.31.G,7229135.059,2686488.808,709.250912,Yellow/White
17.03.31.H,7229105.746,2686488.808,709.002661,Yellow/White
17.03.31.I,7229076.433,2686488.808,708.75441,Yellow/White
17.03.31.J,7229047.121,2686488.808,708.506167,Yellow/White
17.03.31.K,7229017.808,2686488.808,708.257916,Yellow/White
17.03.31.L,7228988.495,2686488.808,708.009665,Yellow/Orange
17.03.32.A,7229312.163,2686506.808,710.801,Yellow/Orange
17.03.32.B,7229282.85,2686506.808,710.560381,Yellow/White
17.03.32.C,7229253.538,2686506.808,710.319771,Yellow/White
17.03.32.D,7229224.225,2686506.808,710.079152,Yellow/White
17.03.32.E,7229194.912,2686506.808,709.838533,Yellow/White
17.03.32.F,7229162.938,2686506.808,709.576071,Blue/White
17.03.32.G,7229135.059,2686506.808,709.347223,Yellow/White
17.03.32.H,7229105.746,2686506.808,709.106604,Yellow/White
17.03.32.I,7229076.433,2686506.808,708.865985,Yellow/White
17.03.32.J,7229047.121,2686506.808,708.625374,Yellow/White
17.03.32.K,7229017.808,2686506.808,708.384755,Yellow/White
17.03.32.L,7228988.495,2686506.808,708.144137,Yellow/Orange
17.03.33.A,7229312.163,2686524.808,710.9548,Yellow/Orange
17.03.33.B,7229282.85,2686524.808,710.733627,Yellow/White
17.03.33.C,7229253.538,2686524.808,710.512461,Yellow/White
17.03.33.D,7229224.225,2686524.808,710.291288,Yellow/White
17.03.33.E,7229194.912,2686524.808,710.070114,Yellow/White
17.03.33.F,7229162.938,2686524.808,709.828863,Blue/White
17.03.33.G,7229135.059,2686524.808,709.618509,Yellow/White
17.03.33.H,7229105.746,2686524.808,709.397336,Yellow/White
17.03.33.I,7229076.433,2686524.808,709.176163,Yellow/White
17.03.33.J,7229047.121,2686524.808,708.954997,Yellow/White
17.03.33.K,7229017.808,2686524.808,708.733823,Yellow/White
17.03.33.L,7228988.495,2686524.808,708.51265,Yellow/Orange
17.03.34.A,7229312.163,2686542.808,710.9516,Yellow/Orange
17.03.34.B,7229282.85,2686542.808,710.735685,Yellow/White
17.03.34.C,7229253.538,2686542.808,710.519777,Yellow/White
17.03.34.D,7229224.225,2686542.808,710.303861,Yellow/White
17.03.34.E,7229194.912,2686542.808,710.087946,Yellow/White
17.03.34.F,7229162.938,2686542.808,709.85243,Blue/White
17.03.34.G,7229135.059,2686542.808,709.647077,Yellow/White
17.03.34.H,7229105.746,2686542.808,709.431162,Yellow/White
17.03.34.I,7229076.433,2686542.808,709.215246,Yellow/White
17.03.34.J,7229047.121,2686542.808,708.999338,Yellow/White
17.03.34.K,7229017.808,2686542.808,708.783423,Yellow/White
17.03.34.L,7228988.495,2686542.808,708.567507,Yellow/Orange
17.03.35.A,7229312.163,2686560.808,710.9684,Yellow/Orange
17.03.35.B,7229282.85,2686560.808,710.757458,Yellow/White
17.03.35.C,7229253.538,2686560.808,710.546523,Yellow/White
17.03.35.D,7229224.225,2686560.808,710.335581,Yellow/White
17.03.35.E,7229194.912,2686560.808,710.124639,Yellow/White
17.03.35.F,7229162.938,2686560.808,709.894549,Black/White
17.03.35.G,7229135.059,2686560.808,709.693926,Yellow/White
17.03.35.H,7229105.746,2686560.808,709.482984,Yellow/White
17.03.35.I,7229076.433,2686560.808,709.272042,Yellow/White
17.03.35.J,7229047.121,2686560.808,709.061108,Yellow/White
17.03.35.K,7229017.808,2686560.808,708.850166,Yellow/White
17.03.35.L,7228988.495,2686560.808,708.639224,Yellow/Orange
17.04.01.A,7228963.701,2685948.808,700.847124,Pink/Orange
17.04.01.B,7228934.389,2685948.808,700.483315,Pink/Orange
17.04.01.C,7228905.076,2685948.808,700.119493,Pink/White
17.04.01.D,7228875.763,2685948.808,699.755672,Pink/White
17.04.01.E,7228846.451,2685948.808,699.391863,Pink/White
17.04.01.F,7228814.477,2685948.808,698.995015,Black/White
17.04.01.G,7228786.597,2685948.808,698.648979,Pink/White
17.04.01.H,7228757.284,2685948.808,698.285158,Pink/White
17.04.01.I,7228727.972,2685948.808,697.921349,Pink/White
17.04.01.J,7228698.659,2685948.808,697.557528,Pink/White
17.04.01.K,7228669.346,2685948.808,697.193706,Pink/Orange
17.04.01.L,7228640.034,2685948.808,696.829898,Pink/Orange
17.04.02.A,7228963.701,2685966.808,701.099594,Pink/Orange
17.04.02.B,7228934.389,2685966.808,700.786256,Pink/Orange
17.04.02.C,7228905.076,2685966.808,700.472908,Pink/White
17.04.02.D,7228875.763,2685966.808,700.15956,Pink/White
17.04.02.E,7228846.451,2685966.808,699.846223,Pink/White
17.04.02.F,7228814.477,2685966.808,699.504429,Purple/White
17.04.02.G,7228786.597,2685966.808,699.2064,Pink/White
17.04.02.H,7228757.284,2685966.808,698.893052,Pink/White
17.04.02.I,7228727.972,2685966.808,698.579714,Pink/White
17.04.02.J,7228698.659,2685966.808,698.266366,Pink/White
17.04.02.K,7228669.346,2685966.808,697.953018,Pink/Orange
17.04.02.L,7228640.034,2685966.808,697.639681,Pink/Orange
17.04.03.A,7228963.701,2685984.808,701.261809,Yellow/Orange
17.04.03.B,7228934.389,2685984.808,701.021988,Yellow/White
17.04.03.C,7228905.076,2685984.808,700.782158,Red/White
17.04.03.D,7228875.763,2685984.808,700.542328,Yellow/White
17.04.03.E,7228846.451,2685984.808,700.302507,Red/White
17.04.03.F,7228814.477,2685984.808,700.040906,Green/White
17.04.03.G,7228786.597,2685984.808,699.8128,Red/White
17.04.03.H,7228757.284,2685984.808,699.572971,Red/White
17.04.03.I,7228727.972,2685984.808,699.333149,Red/White
17.04.03.J,7228698.659,2685984.808,699.093319,Red/White
17.04.03.K,7228669.346,2685984.808,698.85349,Red/White
17.04.03.L,7228640.034,2685984.808,698.613668,Yellow/Orange
17.04.04.A,7228963.701,2686002.808,701.435221,Yellow/Orange
17.04.04.B,7228934.389,2686002.808,701.216814,Yellow/White
17.04.04.C,7228905.076,2686002.808,700.9984,Yellow/White
17.04.04.D,7228875.763,2686002.808,700.779986,Yellow/White
17.04.04.E,7228846.451,2686002.808,700.561579,Red/White
17.04.04.F,7228814.477,2686002.808,700.323338,Green/White
17.04.04.G,7228786.597,2686002.808,700.115601,Red/White
17.04.04.H,7228757.284,2686002.808,699.897187,Red/White
17.04.04.I,7228727.972,2686002.808,699.67878,Red/White
17.04.04.J,7228698.659,2686002.808,699.460366,Red/White
17.04.04.K,7228669.346,2686002.808,699.241952,Red/White
17.04.04.L,7228640.034,2686002.808,699.023545,Yellow/Orange
17.04.05.A,7228963.701,2686020.808,701.492064,Yellow/Orange
17.04.05.B,7228934.389,2686020.808,701.364274,Yellow/White
17.04.05.C,7228905.076,2686020.808,701.23648,Yellow/White
17.04.05.D,7228875.763,2686020.808,701.108685,Red/White
17.04.05.E,7228846.451,2686020.808,700.980895,Red/White
17.04.05.F,7228814.477,2686020.808,700.8415,Green/White
17.04.05.G,7228786.597,2686020.808,700.719952,Red/White
17.04.05.H,7228757.284,2686020.808,700.592158,Red/White
17.04.05.I,7228727.972,2686020.808,700.464368,Red/White
17.04.05.J,7228698.659,2686020.808,700.336574,Red/White
17.04.05.K,7228669.346,2686020.808,700.208779,Red/White
17.04.05.L,7228640.034,2686020.808,700.080989,Yellow/Orange
17.04.06.A,7228963.701,2686038.808,701.332374,Yellow/Orange
17.04.06.B,7228934.389,2686038.808,701.264454,Yellow/White
17.04.06.C,7228905.076,2686038.808,701.196531,Yellow/White
17.04.06.D,7228875.763,2686038.808,701.128609,Red/White
17.04.06.E,7228846.451,2686038.808,701.060688,Red/White
17.04.06.F,7228814.477,2686038.808,700.9866,Green/White
17.04.06.G,7228786.597,2686038.808,700.921998,Red/White
17.04.06.H,7228757.284,2686038.808,700.854075,Red/White
17.04.06.I,7228727.972,2686038.808,700.786155,Red/White
17.04.06.J,7228698.659,2686038.808,700.718233,Yellow/White
17.04.06.K,7228669.346,2686038.808,700.65031,Red/White
17.04.06.L,7228640.034,2686038.808,700.58239,Yellow/Orange
17.04.07.A,7228963.701,2686056.808,701.426465,Yellow/Orange
17.04.07.B,7228934.389,2686056.808,701.376769,Yellow/White
17.04.07.C,7228905.076,2686056.808,701.327071,Yellow/White
17.04.07.D,7228875.763,2686056.808,701.277373,Red/White
17.04.07.E,7228846.451,2686056.808,701.227676,Red/White
17.04.07.F,7228814.477,2686056.808,701.173467,Green/White
17.04.07.G,7228786.597,2686056.808,701.126198,Red/White
17.04.07.H,7228757.284,2686056.808,701.0765,Red/White
17.04.07.I,7228727.972,2686056.808,701.026804,Red/White
17.04.07.J,7228698.659,2686056.808,700.977106,Yellow/White
17.04.07.K,7228669.346,2686056.808,700.927408,Red/White
17.04.07.L,7228640.034,2686056.808,700.877712,Yellow/Orange
17.04.08.A,7228963.701,2686074.808,701.458351,Yellow/Orange
17.04.08.B,7228934.389,2686074.808,701.418108,Yellow/White
17.04.08.C,7228905.076,2686074.808,701.377863,Yellow/White
17.04.08.D,7228875.763,2686074.808,701.337618,Red/White
17.04.08.E,7228846.451,2686074.808,701.297375,Red/White
17.04.08.F,7228814.477,2686074.808,701.253477,Green/White
17.04.08.G,7228786.597,2686074.808,701.2152,Red/White
17.04.08.H,7228757.284,2686074.808,701.174955,Red/White
17.04.08.I,7228727.972,2686074.808,701.134712,Red/White
17.04.08.J,7228698.659,2686074.808,701.094467,Yellow/White
17.04.08.K,7228669.346,2686074.808,701.054223,Red/White
17.04.08.L,7228640.034,2686074.808,701.013979,Yellow/Orange
17.04.09.A,7228963.701,2686092.808,701.671301,Yellow/Orange
17.04.09.B,7228934.389,2686092.808,701.625022,Yellow/White
17.04.09.C,7228905.076,2686092.808,701.578741,Yellow/White
17.04.09.D,7228875.763,2686092.808,701.532461,Red/White
17.04.09.E,7228846.451,2686092.808,701.486182,Red/White
17.04.09.F,7228814.477,2686092.808,701.4357,Green/White
17.04.09.G,7228786.597,2686092.808,701.391681,Red/White
17.04.09.H,7228757.284,2686092.808,701.345401,Red/White
17.04.09.I,7228727.972,2686092.808,701.299122,Red/White
17.04.09.J,7228698.659,2686092.808,701.252841,Yellow/White
17.04.09.K,7228669.346,2686092.808,701.20656,Red/White
17.04.09.L,7228640.034,2686092.808,701.160281,Yellow/Orange
17.04.10.A,7228963.701,2686110.808,702.078581,Yellow/Orange
17.04.10.B,7228934.389,2686110.808,702.015393,Yellow/White
17.04.10.C,7228905.076,2686110.808,701.952204,Yellow/White
17.04.10.D,7228875.763,2686110.808,701.889014,Red/White
17.04.10.E,7228846.451,2686110.808,701.825826,Red/White
17.04.10.F,7228814.477,2686110.808,701.7569,Green/White
17.04.10.G,7228786.597,2686110.808,701.6968,Red/White
17.04.10.H,7228757.284,2686110.808,701.63361,Red/White
17.04.10.I,7228727.972,2686110.808,701.570422,Red/White
17.04.10.J,7228698.659,2686110.808,701.507233,Yellow/White
17.04.10.K,7228669.346,2686110.808,701.444043,Red/White
17.04.10.L,7228640.034,2686110.808,701.380855,Yellow/Orange
17.04.11.A,7228963.701,2686128.808,702.195832,Yellow/Orange
17.04.11.B,7228934.389,2686128.808,702.112471,Yellow/White
17.04.11.C,7228905.076,2686128.808,702.029108,Yellow/White
17.04.11.D,7228875.763,2686128.808,701.945744,Red/White
17.04.11.E,7228846.451,2686128.808,701.862383,Red/White
17.04.11.F,7228814.477,2686128.808,701.771452,Green/White
17.04.11.G,7228786.597,2686128.808,701.692163,Red/White
17.04.11.H,7228757.284,2686128.808,701.6088,Red/White
17.04.11.I,7228727.972,2686128.808,701.525439,Yellow/White
17.04.11.J,7228698.659,2686128.808,701.442075,Yellow/White
17.04.11.K,7228669.346,2686128.808,701.358712,Red/White
17.04.11.L,7228640.034,2686128.808,701.275351,Yellow/Orange
17.04.12.A,7228963.701,2686146.808,702.618721,Yellow/Orange
17.04.12.B,7228934.389,2686146.808,702.507182,Yellow/White
17.04.12.C,7228905.076,2686146.808,702.395639,Yellow/White
17.04.12.D,7228875.763,2686146.808,702.284097,Red/White
17.04.12.E,7228846.451,2686146.808,702.172558,Red/White
17.04.12.F,7228814.477,2686146.808,702.050889,Green/White
17.04.12.G,7228786.597,2686146.808,701.9448,Red/White
17.04.12.H,7228757.284,2686146.808,701.833257,Red/White
17.04.12.I,7228727.972,2686146.808,701.721718,Red/White
17.04.12.J,7228698.659,2686146.808,701.610176,Yellow/White
17.04.12.K,7228669.346,2686146.808,701.498633,Red/White
17.04.12.L,7228640.034,2686146.808,701.387094,Yellow/Orange
17.04.13.A,7228963.701,2686164.808,702.93128,Yellow/Orange
17.04.13.B,7228934.389,2686164.808,702.789742,Yellow/White
17.04.13.C,7228905.076,2686164.808,702.648198,Yellow/White
17.04.13.D,7228875.763,2686164.808,702.506655,Red/White
17.04.13.E,7228846.451,2686164.808,702.365116,Red/White
17.04.13.F,7228814.477,2686164.808,702.210724,Green/White
17.04.13.G,7228786.597,2686164.808,702.0761,Red/White
17.04.13.H,7228757.284,2686164.808,701.934557,Red/White
17.04.13.I,7228727.972,2686164.808,701.793018,Red/White
17.04.13.J,7228698.659,2686164.808,701.651475,Red/White
17.04.13.K,7228669.346,2686164.808,701.509932,Red/White
17.04.13.L,7228640.034,2686164.808,701.368393,Yellow/Orange
17.04.14.A,7228963.701,2686182.808,703.196848,Yellow/Orange
17.04.14.B,7228934.389,2686182.808,703.033815,Yellow/White
17.04.14.C,7228905.076,2686182.808,702.870777,Yellow/White
17.04.14.D,7228875.763,2686182.808,702.707739,Red/White
17.04.14.E,7228846.451,2686182.808,702.544706,Red/White
17.04.14.F,7228814.477,2686182.808,702.366868,Green/White
17.04.14.G,7228786.597,2686182.808,702.2118,Red/White
17.04.14.H,7228757.284,2686182.808,702.048762,Red/White
17.04.14.I,7228727.972,2686182.808,701.88573,Red/White
17.04.14.J,7228698.659,2686182.808,701.722692,Red/White
17.04.14.K,7228669.346,2686182.808,701.559654,Red/White
17.04.14.L,7228640.034,2686182.808,701.396621,Yellow/Orange
17.04.15.A,7228963.701,2686200.808,703.568345,Yellow/Orange
17.04.15.B,7228934.389,2686200.808,703.382589,Yellow/White
17.04.15.C,7228905.076,2686200.808,703.196826,Yellow/White
17.04.15.D,7228875.763,2686200.808,703.011063,Red/White
17.04.15.E,7228846.451,2686200.808,702.825307,Red/White
17.04.15.F,7228814.477,2686200.808,702.622681,Green/White
17.04.15.G,7228786.597,2686200.808,702.446,Red/White
17.04.15.H,7228757.284,2686200.808,702.260237,Red/White
17.04.15.I,7228727.972,2686200.808,702.074481,Red/White
17.04.15.J,7228698.659,2686200.808,701.888718,Yellow/White
17.04.15.K,7228669.346,2686200.808,701.702955,Red/White
17.04.15.L,7228640.034,2686200.808,701.517199,Yellow/Orange
17.04.16.A,7228963.701,2686218.808,703.946134,Yellow/Orange
17.04.16.B,7228934.389,2686218.808,703.741814,Yellow/White
17.04.16.C,7228905.076,2686218.808,703.537487,Yellow/White
17.04.16.D,7228875.763,2686218.808,703.33316,Red/White
17.04.16.E,7228846.451,2686218.808,703.12884,Red/White
17.04.16.F,7228814.477,2686218.808,702.905965,Green/White
17.04.16.G,7228786.597,2686218.808,702.711627,Red/White
17.04.16.H,7228757.284,2686218.808,702.5073,Red/White
17.04.16.I,7228727.972,2686218.808,702.30298,Red/White
17.04.16.J,7228698.659,2686218.808,702.098653,Yellow/White
17.04.16.K,7228669.346,2686218.808,701.894326,Red/White
17.04.16.L,7228640.034,2686218.808,701.690006,Yellow/Orange
17.04.17.A,7228963.701,2686236.808,704.128027,Yellow/Orange
17.04.17.B,7228934.389,2686236.808,703.909801,Yellow/White
17.04.17.C,7228905.076,2686236.808,703.691568,Yellow/White
17.04.17.D,7228875.763,2686236.808,703.473335,Yellow/White
17.04.17.E,7228846.451,2686236.808,703.255109,Yellow/White
17.04.17.F,7228814.477,2686236.808,703.017064,Green/White
17.04.17.G,7228786.597,2686236.808,702.8095,Yellow/White
17.04.17.H,7228757.284,2686236.808,702.591266,Red/White
17.04.17.I,7228727.972,2686236.808,702.37304,Red/White
17.04.17.J,7228698.659,2686236.808,702.154807,Yellow/White
17.04.17.K,7228669.346,2686236.808,701.936574,Red/White
17.04.17.L,7228640.034,2686236.808,701.718348,Yellow/Orange
17.04.18.A,7228963.701,2686254.808,704.63092,Yellow/Orange
17.04.18.B,7228934.389,2686254.808,704.384426,Yellow/White
17.04.18.C,7228905.076,2686254.808,704.137924,Yellow/White
17.04.18.D,7228875.763,2686254.808,703.891422,Yellow/White
17.04.18.E,7228846.451,2686254.808,703.644928,Yellow/White
17.04.18.F,7228814.477,2686254.808,703.376048,Green/White
17.04.18.G,7228786.597,2686254.808,703.141597,Red/White
17.04.18.H,7228757.284,2686254.808,702.895094,Red/White
17.04.18.I,7228727.972,2686254.808,702.6486,Red/White
17.04.18.J,7228698.659,2686254.808,702.402098,Red/White
17.04.18.K,7228669.346,2686254.808,702.155596,Red/White
17.04.18.L,7228640.034,2686254.808,701.909102,Yellow/Orange
17.04.19.A,7228963.701,2686272.808,704.853408,Yellow/Orange
17.04.19.B,7228934.389,2686272.808,704.599107,Yellow/White
17.04.19.C,7228905.076,2686272.808,704.344797,Yellow/White
17.04.19.D,7228875.763,2686272.808,704.090487,Yellow/White
17.04.19.E,7228846.451,2686272.808,703.836185,Yellow/White
17.04.19.F,7228814.477,2686272.808,703.558789,Green/White
17.04.19.G,7228786.597,2686272.808,703.316911,Yellow/White
17.04.19.H,7228757.284,2686272.808,703.062601,Red/White
17.04.19.I,7228727.972,2686272.808,702.8083,Red/White
17.04.19.J,7228698.659,2686272.808,702.55399,Red/White
17.04.19.K,7228669.346,2686272.808,702.299679,Yellow/White
17.04.19.L,7228640.034,2686272.808,702.045378,Yellow/Orange
17.04.20.A,7228963.701,2686290.808,705.145332,Yellow/Orange
17.04.20.B,7228934.389,2686290.808,704.885059,Yellow/White
17.04.20.C,7228905.076,2686290.808,704.624777,Yellow/White
17.04.20.D,7228875.763,2686290.808,704.364495,Yellow/White
17.04.20.E,7228846.451,2686290.808,704.104222,Yellow/White
17.04.20.F,7228814.477,2686290.808,703.820312,Green/White
17.04.20.G,7228786.597,2686290.808,703.572755,Red/White
17.04.20.H,7228757.284,2686290.808,703.312473,Red/White
17.04.20.I,7228727.972,2686290.808,703.0522,Red/White
17.04.20.J,7228698.659,2686290.808,702.791918,Red/White
17.04.20.K,7228669.346,2686290.808,702.531636,Yellow/White
17.04.20.L,7228640.034,2686290.808,702.271363,Yellow/Orange
17.04.21.A,7228963.701,2686308.808,705.371546,Yellow/Orange
17.04.21.B,7228934.389,2686308.808,705.101778,Yellow/White
17.04.21.C,7228905.076,2686308.808,704.832001,Yellow/White
17.04.21.D,7228875.763,2686308.808,704.562224,Yellow/White
17.04.21.E,7228846.451,2686308.808,704.292456,Yellow/White
17.04.21.F,7228814.477,2686308.808,703.998189,Green/White
17.04.21.G,7228786.597,2686308.808,703.7416,Yellow/White
17.04.21.H,7228757.284,2686308.808,703.471823,Red/White
17.04.21.I,7228727.972,2686308.808,703.202055,Red/White
17.04.21.J,7228698.659,2686308.808,702.932278,Red/White
17.04.21.K,7228669.346,2686308.808,702.662501,Yellow/White
17.04.21.L,7228640.034,2686308.808,702.392733,Yellow/Orange
17.04.22.A,7228963.701,2686326.808,705.727385,Yellow/Orange
17.04.22.B,7228934.389,2686326.808,705.459529,Yellow/White
17.04.22.C,7228905.076,2686326.808,705.191665,Yellow/White
17.04.22.D,7228875.763,2686326.808,704.9238,Yellow/White
17.04.22.E,7228846.451,2686326.808,704.655945,Yellow/White
17.04.22.F,7228814.477,2686326.808,704.363764,Green/White
17.04.22.G,7228786.597,2686326.808,704.108994,Red/White
17.04.22.H,7228757.284,2686326.808,703.84113,Red/White
17.04.22.I,7228727.972,2686326.808,703.573274,Red/White
17.04.22.J,7228698.659,2686326.808,703.30541,Red/White
17.04.22.K,7228669.346,2686326.808,703.037545,Yellow/White
17.04.22.L,7228640.034,2686326.808,702.76969,Yellow/Orange
17.04.23.A,7228963.701,2686344.808,705.904247,Yellow/Orange
17.04.23.B,7228934.389,2686344.808,705.599501,Yellow/White
17.04.23.C,7228905.076,2686344.808,705.294744,Yellow/White
17.04.23.D,7228875.763,2686344.808,704.989987,Yellow/White
17.04.23.E,7228846.451,2686344.808,704.685241,Yellow/White
17.04.23.F,7228814.477,2686344.808,704.352819,Green/White
17.04.23.G,7228786.597,2686344.808,704.06296,Yellow/White
17.04.23.H,7228757.284,2686344.808,703.758203,Yellow/White
17.04.23.I,7228727.972,2686344.808,703.453457,Red/White
17.04.23.J,7228698.659,2686344.808,703.1487,Yellow/White
17.04.23.K,7228669.346,2686344.808,702.843943,Yellow/White
17.04.23.L,7228640.034,2686344.808,702.539197,Yellow/Orange
17.04.24.A,7228963.701,2686362.808,706.419235,Yellow/Orange
17.04.24.B,7228934.389,2686362.808,706.101306,Yellow/White
17.04.24.C,7228905.076,2686362.808,705.783367,Yellow/White
17.04.24.D,7228875.763,2686362.808,705.465428,Yellow/White
17.04.24.E,7228846.451,2686362.808,705.1475,Yellow/White
17.04.24.F,7228814.477,2686362.808,704.800699,Green/White
17.04.24.G,7228786.597,2686362.808,704.498303,Yellow/White
17.04.24.H,7228757.284,2686362.808,704.180364,Red/White
17.04.24.I,7228727.972,2686362.808,703.862435,Red/White
17.04.24.J,7228698.659,2686362.808,703.544496,Red/White
17.04.24.K,7228669.346,2686362.808,703.226557,Yellow/White
17.04.24.L,7228640.034,2686362.808,702.908629,Yellow/Orange
17.04.25.A,7228963.701,2686380.808,706.504911,Yellow/Orange
17.04.25.B,7228934.389,2686380.808,706.187957,Yellow/White
17.04.25.C,7228905.076,2686380.808,705.870992,Yellow/White
17.04.25.D,7228875.763,2686380.808,705.554027,Yellow/White
17.04.25.E,7228846.451,2686380.808,705.237073,Yellow/White
17.04.25.F,7228814.477,2686380.808,704.891335,Green/White
17.04.25.G,7228786.597,2686380.808,704.589865,Yellow/White
17.04.25.H,7228757.284,2686380.808,704.2729,Yellow/White
17.04.25.I,7228727.972,2686380.808,703.955946,Red/White
17.04.25.J,7228698.659,2686380.808,703.638982,Red/White
17.04.25.K,7228669.346,2686380.808,703.322017,Yellow/White
17.04.25.L,7228640.034,2686380.808,703.005063,Yellow/Orange
17.04.26.A,7228963.701,2686398.808,706.914391,Yellow/Orange
17.04.26.B,7228934.389,2686398.808,706.585351,Yellow/White
17.04.26.C,7228905.076,2686398.808,706.2563,Yellow/White
17.04.26.D,7228875.763,2686398.808,705.92725,Yellow/White
17.04.26.E,7228846.451,2686398.808,705.59821,Yellow/White
17.04.26.F,7228814.477,2686398.808,705.239288,Green/White
17.04.26.G,7228786.597,2686398.808,704.926323,Yellow/White
17.04.26.H,7228757.284,2686398.808,704.597272,Red/White
17.04.26.I,7228727.972,2686398.808,704.268233,Red/White
17.04.26.J,7228698.659,2686398.808,703.939182,Red/White
17.04.26.K,7228669.346,2686398.808,703.610131,Yellow/White
17.04.26.L,7228640.034,2686398.808,703.281091,Yellow/Orange
17.04.27.A,7228963.701,2686416.808,706.950001,Yellow/Orange
17.04.27.B,7228934.389,2686416.808,706.629356,Yellow/White
17.04.27.C,7228905.076,2686416.808,706.3087,Yellow/White
17.04.27.D,7228875.763,2686416.808,705.988045,Yellow/White
17.04.27.E,7228846.451,2686416.808,705.6674,Yellow/White
17.04.27.F,7228814.477,2686416.808,705.317636,Green/White
17.04.27.G,7228786.597,2686416.808,705.012656,Yellow/White
17.04.27.H,7228757.284,2686416.808,704.692,Yellow/White
17.04.27.I,7228727.972,2686416.808,704.371355,Red/White
17.04.27.J,7228698.659,2686416.808,704.050699,Red/White
17.04.27.K,7228669.346,2686416.808,703.730044,Yellow/White
17.04.27.L,7228640.034,2686416.808,703.409399,Yellow/Orange
17.04.28.A,7228963.701,2686434.808,707.284895,Yellow/Orange
17.04.28.B,7228934.389,2686434.808,706.958962,Yellow/White
17.04.28.C,7228905.076,2686434.808,706.633019,Yellow/White
17.04.28.D,7228875.763,2686434.808,706.307075,Yellow/White
17.04.28.E,7228846.451,2686434.808,705.981142,Yellow/White
17.04.28.F,7228814.477,2686434.808,705.62561,Green/White
17.04.28.G,7228786.597,2686434.808,705.3156,Yellow/White
17.04.28.H,7228757.284,2686434.808,704.989657,Yellow/White
17.04.28.I,7228727.972,2686434.808,704.663724,Red/White
17.04.28.J,7228698.659,2686434.808,704.33778,Red/White
17.04.28.K,7228669.346,2686434.808,704.011837,Yellow/White
17.04.28.L,7228640.034,2686434.808,703.685904,Yellow/Orange
17.04.29.A,7228963.701,2686452.808,707.42431,Yellow/Orange
17.04.29.B,7228934.389,2686452.808,707.09075,Yellow/White
17.04.29.C,7228905.076,2686452.808,706.757179,Yellow/White
17.04.29.D,7228875.763,2686452.808,706.423608,Yellow/White
17.04.29.E,7228846.451,2686452.808,706.090048,Yellow/White
17.04.29.F,7228814.477,2686452.808,705.726195,Green/White
17.04.29.G,7228786.597,2686452.808,705.408931,Yellow/White
17.04.29.H,7228757.284,2686452.808,705.07536,Yellow/White
17.04.29.I,7228727.972,2686452.808,704.7418,Yellow/White
17.04.29.J,7228698.659,2686452.808,704.408228,Red/White
17.04.29.K,7228669.346,2686452.808,704.074657,Yellow/White
17.04.29.L,7228640.034,2686452.808,703.741097,Yellow/Orange
17.04.30.A,7228963.701,2686470.808,707.66325,Yellow/Orange
17.04.30.B,7228934.389,2686470.808,707.326873,Yellow/White
17.04.30.C,7228905.076,2686470.808,706.990485,Yellow/White
17.04.30.D,7228875.763,2686470.808,706.654097,Yellow/White
17.04.30.E,7228846.451,2686470.808,706.317721,Yellow/White
17.04.30.F,7228814.477,2686470.808,705.950796,Green/White
17.04.30.G,7228786.597,2686470.808,705.630852,Yellow/White
17.04.30.H,7228757.284,2686470.808,705.294464,Yellow/White
17.04.30.I,7228727.972,2686470.808,704.958088,Yellow/White
17.04.30.J,7228698.659,2686470.808,704.6217,Red/White
17.04.30.K,7228669.346,2686470.808,704.285312,Yellow/White
17.04.30.L,7228640.034,2686470.808,703.948935,Yellow/Orange
17.04.31.A,7228963.701,2686488.808,707.762815,Yellow/Orange
17.04.31.B,7228934.389,2686488.808,707.446663,Yellow/White
17.04.31.C,7228905.076,2686488.808,707.130501,Yellow/White
17.04.31.D,7228875.763,2686488.808,706.814338,Yellow/White
17.04.31.E,7228846.451,2686488.808,706.498186,Yellow/White
17.04.31.F,7228814.477,2686488.808,706.153322,Green/White
17.04.31.G,7228786.597,2686488.808,705.852615,Yellow/White
17.04.31.H,7228757.284,2686488.808,705.536452,Yellow/White
17.04.31.I,7228727.972,2686488.808,705.2203,Yellow/White
17.04.31.J,7228698.659,2686488.808,704.904137,Red/White
17.04.31.K,7228669.346,2686488.808,704.587974,Yellow/White
17.04.31.L,7228640.034,2686488.808,704.271822,Yellow/Orange
17.04.32.A,7228963.701,2686506.808,707.914977,Yellow/Orange
17.04.32.B,7228934.389,2686506.808,707.601254,Yellow/White
17.04.32.C,7228905.076,2686506.808,707.287521,Yellow/White
17.04.32.D,7228875.763,2686506.808,706.973788,Yellow/White
17.04.32.E,7228846.451,2686506.808,706.660065,Yellow/White
17.04.32.F,7228814.477,2686506.808,706.317852,Green/White
17.04.32.G,7228786.597,2686506.808,706.019456,Yellow/White
17.04.32.H,7228757.284,2686506.808,705.705722,Yellow/White
17.04.32.I,7228727.972,2686506.808,705.392,Yellow/White
17.04.32.J,7228698.659,2686506.808,705.078267,Red/White
17.04.32.K,7228669.346,2686506.808,704.764534,Yellow/White
17.04.32.L,7228640.034,2686506.808,704.450811,Yellow/Orange
17.04.33.A,7228963.701,2686524.808,708.142728,Yellow/Orange
17.04.33.B,7228934.389,2686524.808,707.84486,Yellow/White
17.04.33.C,7228905.076,2686524.808,707.546982,Yellow/White
17.04.33.D,7228875.763,2686524.808,707.249104,Yellow/White
17.04.33.E,7228846.451,2686524.808,706.951236,Yellow/White
17.04.33.F,7228814.477,2686524.808,706.626316,Green/White
17.04.33.G,7228786.597,2686524.808,706.343,Yellow/White
17.04.33.H,7228757.284,2686524.808,706.045122,Yellow/White
17.04.33.I,7228727.972,2686524.808,705.747254,Red/White
17.04.33.J,7228698.659,2686524.808,705.449375,Red/White
17.04.33.K,7228669.346,2686524.808,705.151497,Yellow/White
17.04.33.L,7228640.034,2686524.808,704.853629,Yellow/Orange
17.04.34.A,7228963.701,2686542.808,708.234038,Yellow/Orange
17.04.34.B,7228934.389,2686542.808,707.972235,Yellow/White
17.04.34.C,7228905.076,2686542.808,707.710423,Yellow/White
17.04.34.D,7228875.763,2686542.808,707.448611,Red/White
17.04.34.E,7228846.451,2686542.808,707.186808,Red/White
17.04.34.F,7228814.477,2686542.808,706.901229,Green/White
17.04.34.G,7228786.597,2686542.808,706.652216,Red/White
17.04.34.H,7228757.284,2686542.808,706.390403,Red/White
17.04.34.I,7228727.972,2686542.808,706.1286,Red/White
17.04.34.J,7228698.659,2686542.808,705.866788,Red/White
17.04.34.K,7228669.346,2686542.808,705.604976,Red/White
17.04.34.L,7228640.034,2686542.808,705.343173,Yellow/Orange
17.04.35.A,7228963.701,2686560.808,707.845688,Yellow/Orange
17.04.35.B,7228934.389,2686560.808,707.60577,Yellow/White
17.04.35.C,7228905.076,2686560.808,707.365845,Yellow/White
17.04.35.D,7228875.763,2686560.808,707.125919,Yellow/White
17.04.35.E,7228846.451,2686560.808,706.886002,Yellow/White
17.04.35.F,7228814.477,2686560.808,706.624296,Black/White
17.04.35.G,7228786.597,2686560.808,706.3961,Yellow/White
17.04.35.H,7228757.284,2686560.808,706.156174,Yellow/White
17.04.35.I,7228727.972,2686560.808,705.916257,Red/White
17.04.35.J,7228698.659,2686560.808,705.676331,Yellow/White
17.04.35.K,7228669.346,2686560.808,705.436405,Yellow/White
17.04.35.L,7228640.034,2686560.808,705.196488,Yellow/Orange
